VIEW_OWNER,VIEW_NAME,REFERENCED_OWNER,REFERENCED_NAME,REFERENCED_TYPE
CISADM,C1_BI_BILLED_USAGE_VW,CISADM,CI_ACCT_PER,TABLE
CISADM,C1_BI_BILLED_USAGE_VW,CISADM,CI_BILL,TABLE
CISADM,C1_BI_BILLED_USAGE_VW,CISADM,CI_BSEG,TABLE
CISADM,C1_BI_BILLED_USAGE_VW,CISADM,CI_BSEG_CALC,TABLE
CISADM,C1_BI_BILLED_USAGE_VW,CISADM,CI_BSEG_CALC_LN,TABLE
CISADM,C1_BI_BILLED_USAGE_VW,CISADM,CI_BSEG_READ,TABLE
CISADM,C1_BI_BILLED_USAGE_VW,CISADM,CI_BSEG_SQ,TABLE
CISADM,C1_BI_BILLED_USAGE_VW,CISADM,CI_FT,TABLE
CISADM,C1_BI_BILLED_USAGE_VW,CISADM,CI_SA,TABLE
CISADM,C1_BI_BILL_DAY_IN_WIN_VW,CISADM,CI_LOOKUP_VAL_L,TABLE
CISADM,C1_BI_BILL_DAY_IN_WIN_VW,CISADM,F1_BKT_CONFIG,TABLE
CISADM,C1_BI_BILL_DAY_IN_WIN_VW,CISADM,F1_BKT_CONFIG_VAL,TABLE
CISADM,C1_BI_BILL_DAY_IN_WIN_VW,CISADM,F1_BKT_CONFIG_VAL_L,TABLE
CISADM,C1_BI_BILL_VW,CISADM,CI_ACCT_PER,TABLE
CISADM,C1_BI_BILL_VW,CISADM,CI_ADJ,TABLE
CISADM,C1_BI_BILL_VW,CISADM,CI_BILL,TABLE
CISADM,C1_BI_BILL_VW,CISADM,CI_BILL_CYC_SCH,TABLE
CISADM,C1_BI_BILL_VW,CISADM,CI_BILL_EXCP,TABLE
CISADM,C1_BI_BILL_VW,CISADM,CI_BSEG,TABLE
CISADM,C1_BI_BILL_VW,CISADM,CI_BSEG_EXCP,TABLE
CISADM,C1_BI_BILL_VW,CISADM,CI_CASE,TABLE
CISADM,C1_BI_BILL_VW,CISADM,CI_CASE_CHAR,TABLE
CISADM,C1_BI_BILL_VW,CISADM,CI_FT,TABLE
CISADM,C1_BI_BILL_VW,CISADM,F1_BKT_CONFIG,TABLE
CISADM,C1_BI_BILL_VW,CISADM,F1_BKT_CONFIG_VAL,TABLE
CISADM,C1_BI_BILL_VW,CISADM,F1_EXT_LOOKUP_VAL_CHAR,TABLE
CISADM,C1_BI_COLLEVTTYPE_VW,CISADM,CI_COLL_EVT_TYP_L,TABLE
CISADM,C1_BI_COLLEVTTYPE_VW,CISADM,CI_SEV_EVT_TYPE_L,TABLE
CISADM,C1_BI_COLLPROC_VW,CISADM,CI_ACCT,TABLE
CISADM,C1_BI_COLLPROC_VW,CISADM,CI_ACCT_PER,TABLE
CISADM,C1_BI_COLLPROC_VW,CISADM,CI_COLL_EVT,TABLE
CISADM,C1_BI_COLLPROC_VW,CISADM,CI_COLL_PROC,TABLE
CISADM,C1_BI_COLLPROC_VW,CISADM,CI_COLL_PROC_SA,TABLE
CISADM,C1_BI_COLLPROC_VW,CISADM,CI_CUST_CL,TABLE
CISADM,C1_BI_COLLPROC_VW,CISADM,CI_FT,TABLE
CISADM,C1_BI_COLLPROC_VW,CISADM,CI_MATCH_EVT,TABLE
CISADM,C1_BI_COLLPROC_VW,CISADM,CI_SEV_EVT,TABLE
CISADM,C1_BI_COLLPROC_VW,CISADM,CI_SEV_PROC,TABLE
CISADM,C1_BI_DAYS_B4_WIN_CLOSES_VW,CISADM,F1_BKT_CONFIG,TABLE
CISADM,C1_BI_DAYS_B4_WIN_CLOSES_VW,CISADM,F1_BKT_CONFIG_VAL,TABLE
CISADM,C1_BI_DAYS_B4_WIN_CLOSES_VW,CISADM,F1_BKT_CONFIG_VAL_L,TABLE
CISADM,C1_BI_FTGL_VW,CISADM,CI_ACCT_PER,TABLE
CISADM,C1_BI_FTGL_VW,CISADM,CI_ADJ_CALC_LN,TABLE
CISADM,C1_BI_FTGL_VW,CISADM,CI_BSEG_CALC,TABLE
CISADM,C1_BI_FTGL_VW,CISADM,CI_DST_CD_CHAR,TABLE
CISADM,C1_BI_FTGL_VW,CISADM,CI_DST_CODE_EFF,TABLE
CISADM,C1_BI_FTGL_VW,CISADM,CI_FT,TABLE
CISADM,C1_BI_FTGL_VW,CISADM,CI_FT_GL,TABLE
CISADM,C1_BI_FTGL_VW,CISADM,CI_SA,TABLE
CISADM,C1_BI_FTGL_VW,CISADM,F1_EXT_LOOKUP_VAL_CHAR,TABLE
CISADM,C1_BI_FT_VW,CISADM,CI_ACCT_PER,TABLE
CISADM,C1_BI_FT_VW,CISADM,CI_ADJ_CALC_LN,TABLE
CISADM,C1_BI_FT_VW,CISADM,CI_BSEG_CALC,TABLE
CISADM,C1_BI_FT_VW,CISADM,CI_DST_CD_CHAR,TABLE
CISADM,C1_BI_FT_VW,CISADM,CI_DST_CODE_EFF,TABLE
CISADM,C1_BI_FT_VW,CISADM,CI_FT,TABLE
CISADM,C1_BI_FT_VW,CISADM,CI_FT_GL,TABLE
CISADM,C1_BI_FT_VW,CISADM,CI_SA,TABLE
CISADM,C1_BI_FT_VW,CISADM,F1_EXT_LOOKUP_VAL_CHAR,TABLE
CISADM,C1_BI_SEVPROC_VW,CISADM,CI_ACCT,TABLE
CISADM,C1_BI_SEVPROC_VW,CISADM,CI_ACCT_PER,TABLE
CISADM,C1_BI_SEVPROC_VW,CISADM,CI_CUST_CL,TABLE
CISADM,C1_BI_SEVPROC_VW,CISADM,CI_FT,TABLE
CISADM,C1_BI_SEVPROC_VW,CISADM,CI_MATCH_EVT,TABLE
CISADM,C1_BI_SEVPROC_VW,CISADM,CI_SA,TABLE
CISADM,C1_BI_SEVPROC_VW,CISADM,CI_SEV_EVT,TABLE
CISADM,C1_BI_SEVPROC_VW,CISADM,CI_SEV_EVT_TYPE,TABLE
CISADM,C1_BI_SEVPROC_VW,CISADM,CI_SEV_PROC,TABLE
CISADM,C1_BI_WOPROC_VW,CISADM,CI_ACCT,TABLE
CISADM,C1_BI_WOPROC_VW,CISADM,CI_ACCT_PER,TABLE
CISADM,C1_BI_WOPROC_VW,CISADM,CI_CUST_CL,TABLE
CISADM,C1_BI_WOPROC_VW,CISADM,CI_FT,TABLE
CISADM,C1_BI_WOPROC_VW,CISADM,CI_MATCH_EVT,TABLE
CISADM,C1_BI_WOPROC_VW,CISADM,CI_WO_EVT,TABLE
CISADM,C1_BI_WOPROC_VW,CISADM,CI_WO_PROC,TABLE
CISADM,C1_BI_WOPROC_VW,CISADM,CI_WO_PROC_SA,TABLE
CISADM,C1_SA_RCHG_VW,CISADM,CI_SA_RCHG_HIST,TABLE
CISADM,C1_SA_RS_VW,CISADM,CI_SA_RS_HIST,TABLE
CISADM,C1_SYRQ_PER_ALL_VW,CISADM,C1_NTF_PREF,TABLE
CISADM,C1_SYRQ_PER_ALL_VW,CISADM,CI_ACCT_PER,TABLE
CISADM,C1_SYRQ_PER_ALL_VW,CISADM,CI_BILL,TABLE
CISADM,C1_SYRQ_PER_ALL_VW,CISADM,CI_BSEG,TABLE
CISADM,C1_SYRQ_PER_ALL_VW,CISADM,CI_COP_EVT,TABLE
CISADM,C1_SYRQ_PER_ALL_VW,CISADM,CI_FA,TABLE
CISADM,C1_SYRQ_PER_ALL_VW,CISADM,CI_PER_NAME,TABLE
CISADM,C1_SYRQ_PER_ALL_VW,CISADM,CI_SA,TABLE
CISADM,C1_SYRQ_PER_ALL_VW,CISADM,CI_SA_COP,TABLE
CISADM,C1_SYRQ_PER_ALL_VW,CISADM,CI_SA_REL,TABLE
CISADM,C1_SYRQ_PER_ALL_VW,CISADM,CI_SA_SP,TABLE
CISADM,C1_SYRQ_PER_ALL_VW,CISADM,F1_SYNC_REQ,TABLE
CISADM,C1_SYRQ_PER_NF_VW,CISADM,C1_NTF_PREF,TABLE
CISADM,C1_SYRQ_PER_NF_VW,CISADM,CI_ACCT_PER,TABLE
CISADM,C1_SYRQ_PER_NF_VW,CISADM,CI_BILL,TABLE
CISADM,C1_SYRQ_PER_NF_VW,CISADM,CI_BSEG,TABLE
CISADM,C1_SYRQ_PER_NF_VW,CISADM,CI_COP_EVT,TABLE
CISADM,C1_SYRQ_PER_NF_VW,CISADM,CI_FA,TABLE
CISADM,C1_SYRQ_PER_NF_VW,CISADM,CI_PER_NAME,TABLE
CISADM,C1_SYRQ_PER_NF_VW,CISADM,CI_SA,TABLE
CISADM,C1_SYRQ_PER_NF_VW,CISADM,CI_SA_COP,TABLE
CISADM,C1_SYRQ_PER_NF_VW,CISADM,CI_SA_REL,TABLE
CISADM,C1_SYRQ_PER_NF_VW,CISADM,CI_SA_SP,TABLE
CISADM,C1_SYRQ_PER_NF_VW,CISADM,F1_BUS_OBJ,TABLE
CISADM,C1_SYRQ_PER_NF_VW,CISADM,F1_BUS_OBJ_STATUS,TABLE
CISADM,C1_SYRQ_PER_NF_VW,CISADM,F1_SYNC_REQ,TABLE
CISADM,C1_SYRQ_PREM_ALL_VW,CISADM,CI_ACCT,TABLE
CISADM,C1_SYRQ_PREM_ALL_VW,CISADM,CI_BILL,TABLE
CISADM,C1_SYRQ_PREM_ALL_VW,CISADM,CI_BSEG,TABLE
CISADM,C1_SYRQ_PREM_ALL_VW,CISADM,CI_COP_EVT,TABLE
CISADM,C1_SYRQ_PREM_ALL_VW,CISADM,CI_FA,TABLE
CISADM,C1_SYRQ_PREM_ALL_VW,CISADM,CI_SA,TABLE
CISADM,C1_SYRQ_PREM_ALL_VW,CISADM,CI_SA_COP,TABLE
CISADM,C1_SYRQ_PREM_ALL_VW,CISADM,CI_SA_REL,TABLE
CISADM,C1_SYRQ_PREM_ALL_VW,CISADM,CI_SA_SP,TABLE
CISADM,C1_SYRQ_PREM_ALL_VW,CISADM,CI_SP,TABLE
CISADM,C1_SYRQ_PREM_ALL_VW,CISADM,CI_SP_MTR_HIST,TABLE
CISADM,C1_SYRQ_PREM_ALL_VW,CISADM,F1_SYNC_REQ,TABLE
CISADM,C1_SYRQ_PREM_NF_VW,CISADM,CI_ACCT,TABLE
CISADM,C1_SYRQ_PREM_NF_VW,CISADM,CI_BILL,TABLE
CISADM,C1_SYRQ_PREM_NF_VW,CISADM,CI_BSEG,TABLE
CISADM,C1_SYRQ_PREM_NF_VW,CISADM,CI_COP_EVT,TABLE
CISADM,C1_SYRQ_PREM_NF_VW,CISADM,CI_FA,TABLE
CISADM,C1_SYRQ_PREM_NF_VW,CISADM,CI_SA,TABLE
CISADM,C1_SYRQ_PREM_NF_VW,CISADM,CI_SA_COP,TABLE
CISADM,C1_SYRQ_PREM_NF_VW,CISADM,CI_SA_REL,TABLE
CISADM,C1_SYRQ_PREM_NF_VW,CISADM,CI_SA_SP,TABLE
CISADM,C1_SYRQ_PREM_NF_VW,CISADM,CI_SP,TABLE
CISADM,C1_SYRQ_PREM_NF_VW,CISADM,CI_SP_MTR_HIST,TABLE
CISADM,C1_SYRQ_PREM_NF_VW,CISADM,F1_BUS_OBJ,TABLE
CISADM,C1_SYRQ_PREM_NF_VW,CISADM,F1_BUS_OBJ_STATUS,TABLE
CISADM,C1_SYRQ_PREM_NF_VW,CISADM,F1_SYNC_REQ,TABLE
CISADM,CI_ACCTG_DAYS_VW,CISADM,CI_CAL_PERIOD,TABLE
CISADM,CI_ACCTG_DAYS_VW,CISADM,CI_GL_DIVISION,TABLE
CISADM,CI_ACCT_CR_R_VW,CISADM,CI_CR_RAT_HIST,TABLE
CISADM,CI_ACCT_FT_HST_VW,CISADM,CI_FT,TABLE
CISADM,CI_ACCT_FT_HST_VW,CISADM,CI_SA,TABLE
CISADM,CI_ACDC_WOSA_VW,CISADM,CI_ACCT,TABLE
CISADM,CI_ACDC_WOSA_VW,CISADM,CI_COLL_CL,TABLE
CISADM,CI_ACDC_WOSA_VW,CISADM,CI_SA,TABLE
CISADM,CI_ACDC_WOSA_VW,CISADM,CI_SA_TYPE,TABLE
CISADM,CI_ACDC_WOSA_VW,CISADM,CI_WO_DEBT_CL,TABLE
CISADM,CI_ADJTSAT_S_VW,CISADM,CI_ADJT_ADJTPRF,TABLE
CISADM,CI_ADJTSAT_S_VW,CISADM,CI_ADJ_TYPE,TABLE
CISADM,CI_ADJTSAT_S_VW,CISADM,CI_ADJ_TYPE_L,TABLE
CISADM,CI_ADJTSAT_S_VW,CISADM,CI_SAT_ADJ_PROF,TABLE
CISADM,CI_ALG_ADHC_VW,CISADM,CI_ALG,TABLE
CISADM,CI_ALG_ADHC_VW,CISADM,CI_ALG_L,TABLE
CISADM,CI_ALG_ADHC_VW,CISADM,CI_ALG_TYPE,TABLE
CISADM,CI_ALG_ADJT_VW,CISADM,CI_ALG,TABLE
CISADM,CI_ALG_ADJT_VW,CISADM,CI_ALG_L,TABLE
CISADM,CI_ALG_ADJT_VW,CISADM,CI_ALG_TYPE,TABLE
CISADM,CI_ALG_BSBF_VW,CISADM,CI_ALG,TABLE
CISADM,CI_ALG_BSBF_VW,CISADM,CI_ALG_L,TABLE
CISADM,CI_ALG_BSBF_VW,CISADM,CI_ALG_TYPE,TABLE
CISADM,CI_ALG_BSBS_VW,CISADM,CI_ALG,TABLE
CISADM,CI_ALG_BSBS_VW,CISADM,CI_ALG_L,TABLE
CISADM,CI_ALG_BSBS_VW,CISADM,CI_ALG_TYPE,TABLE
CISADM,CI_ALG_CCAL_VW,CISADM,CI_ALG,TABLE
CISADM,CI_ALG_CCAL_VW,CISADM,CI_ALG_L,TABLE
CISADM,CI_ALG_CCAL_VW,CISADM,CI_ALG_TYPE,TABLE
CISADM,CI_ALG_CNSMP_VW,CISADM,CI_ALG,TABLE
CISADM,CI_ALG_CNSMP_VW,CISADM,CI_ALG_L,TABLE
CISADM,CI_ALG_CNSMP_VW,CISADM,CI_ALG_TYPE,TABLE
CISADM,CI_ALG_COCN_VW,CISADM,CI_ALG,TABLE
CISADM,CI_ALG_COCN_VW,CISADM,CI_ALG_L,TABLE
CISADM,CI_ALG_COCN_VW,CISADM,CI_ALG_TYPE,TABLE
CISADM,CI_ALG_COEV_VW,CISADM,CI_ALG,TABLE
CISADM,CI_ALG_COEV_VW,CISADM,CI_ALG_L,TABLE
CISADM,CI_ALG_COEV_VW,CISADM,CI_ALG_TYPE,TABLE
CISADM,CI_ALG_ERAC_VW,CISADM,CI_ALG,TABLE
CISADM,CI_ALG_ERAC_VW,CISADM,CI_ALG_L,TABLE
CISADM,CI_ALG_ERAC_VW,CISADM,CI_ALG_TYPE,TABLE
CISADM,CI_ALG_FACM_VW,CISADM,CI_ALG,TABLE
CISADM,CI_ALG_FACM_VW,CISADM,CI_ALG_L,TABLE
CISADM,CI_ALG_FACM_VW,CISADM,CI_ALG_TYPE,TABLE
CISADM,CI_ALG_GLAC_VW,CISADM,CI_ALG,TABLE
CISADM,CI_ALG_GLAC_VW,CISADM,CI_ALG_L,TABLE
CISADM,CI_ALG_GLAC_VW,CISADM,CI_ALG_TYPE,TABLE
CISADM,CI_ALG_GVFM_VW,CISADM,CI_ALG,TABLE
CISADM,CI_ALG_GVFM_VW,CISADM,CI_ALG_L,TABLE
CISADM,CI_ALG_GVFM_VW,CISADM,CI_ALG_TYPE,TABLE
CISADM,CI_ALG_IDFM_VW,CISADM,CI_ALG,TABLE
CISADM,CI_ALG_IDFM_VW,CISADM,CI_ALG_L,TABLE
CISADM,CI_ALG_IDFM_VW,CISADM,CI_ALG_TYPE,TABLE
CISADM,CI_ALG_LPCC_VW,CISADM,CI_ALG,TABLE
CISADM,CI_ALG_LPCC_VW,CISADM,CI_ALG_L,TABLE
CISADM,CI_ALG_LPCC_VW,CISADM,CI_ALG_TYPE,TABLE
CISADM,CI_ALG_LPCE_VW,CISADM,CI_ALG,TABLE
CISADM,CI_ALG_LPCE_VW,CISADM,CI_ALG_L,TABLE
CISADM,CI_ALG_LPCE_VW,CISADM,CI_ALG_TYPE,TABLE
CISADM,CI_ALG_ODSP_VW,CISADM,CI_ALG,TABLE
CISADM,CI_ALG_ODSP_VW,CISADM,CI_ALG_L,TABLE
CISADM,CI_ALG_ODSP_VW,CISADM,CI_ALG_TYPE,TABLE
CISADM,CI_ALG_PHFM_VW,CISADM,CI_ALG,TABLE
CISADM,CI_ALG_PHFM_VW,CISADM,CI_ALG_L,TABLE
CISADM,CI_ALG_PHFM_VW,CISADM,CI_ALG_TYPE,TABLE
CISADM,CI_ALG_PKCC_VW,CISADM,CI_ALG,TABLE
CISADM,CI_ALG_PKCC_VW,CISADM,CI_ALG_L,TABLE
CISADM,CI_ALG_PKCC_VW,CISADM,CI_ALG_TYPE,TABLE
CISADM,CI_ALG_PKEL_VW,CISADM,CI_ALG,TABLE
CISADM,CI_ALG_PKEL_VW,CISADM,CI_ALG_L,TABLE
CISADM,CI_ALG_PKEL_VW,CISADM,CI_ALG_TYPE,TABLE
CISADM,CI_ALG_PPBR_VW,CISADM,CI_ALG,TABLE
CISADM,CI_ALG_PPBR_VW,CISADM,CI_ALG_L,TABLE
CISADM,CI_ALG_PPBR_VW,CISADM,CI_ALG_TYPE,TABLE
CISADM,CI_ALG_PPOA_VW,CISADM,CI_ALG,TABLE
CISADM,CI_ALG_PPOA_VW,CISADM,CI_ALG_L,TABLE
CISADM,CI_ALG_PPOA_VW,CISADM,CI_ALG_TYPE,TABLE
CISADM,CI_ALG_PSEG_VW,CISADM,CI_ALG,TABLE
CISADM,CI_ALG_PSEG_VW,CISADM,CI_ALG_L,TABLE
CISADM,CI_ALG_PSEG_VW,CISADM,CI_ALG_TYPE,TABLE
CISADM,CI_ALG_PSPR_VW,CISADM,CI_ALG,TABLE
CISADM,CI_ALG_PSPR_VW,CISADM,CI_ALG_L,TABLE
CISADM,CI_ALG_PSPR_VW,CISADM,CI_ALG_TYPE,TABLE
CISADM,CI_ALG_PYDT_VW,CISADM,CI_ALG,TABLE
CISADM,CI_ALG_PYDT_VW,CISADM,CI_ALG_L,TABLE
CISADM,CI_ALG_PYDT_VW,CISADM,CI_ALG_TYPE,TABLE
CISADM,CI_ALG_SATBC_VW,CISADM,CI_ALG,TABLE
CISADM,CI_ALG_SATBC_VW,CISADM,CI_ALG_L,TABLE
CISADM,CI_ALG_SATBC_VW,CISADM,CI_ALG_TYPE,TABLE
CISADM,CI_ALG_SATFT_VW,CISADM,CI_ALG,TABLE
CISADM,CI_ALG_SATFT_VW,CISADM,CI_ALG_L,TABLE
CISADM,CI_ALG_SATFT_VW,CISADM,CI_ALG_TYPE,TABLE
CISADM,CI_ALG_SVCR_VW,CISADM,CI_ALG,TABLE
CISADM,CI_ALG_SVCR_VW,CISADM,CI_ALG_L,TABLE
CISADM,CI_ALG_SVCR_VW,CISADM,CI_ALG_TYPE,TABLE
CISADM,CI_ALG_SVEV_VW,CISADM,CI_ALG,TABLE
CISADM,CI_ALG_SVEV_VW,CISADM,CI_ALG_L,TABLE
CISADM,CI_ALG_SVEV_VW,CISADM,CI_ALG_TYPE,TABLE
CISADM,CI_ALG_XAR_VW,CISADM,CI_ALG,TABLE
CISADM,CI_ALG_XAR_VW,CISADM,CI_ALG_L,TABLE
CISADM,CI_ALG_XAR_VW,CISADM,CI_ALG_TYPE,TABLE
CISADM,CI_BAL_CTL_MEM_VW,CISADM,CI_BAL_CTL_MEM,TABLE
CISADM,CI_BCHG_READ_VW,CISADM,CI_BCHG_READ,TABLE
CISADM,CI_BCHG_UP_READ_VW,CISADM,CI_BCHG_UP_READ,TABLE
CISADM,CI_BF_ACCT_HST_VW,CISADM,CI_LOOKUP,VIEW
CISADM,CI_BF_ACCT_HST_VW,CISADM,CI_SA,TABLE
CISADM,CI_BF_ACCT_HST_VW,CISADM,CI_SA_SP,TABLE
CISADM,CI_BF_ACCT_HST_VW,CISADM,CI_SP,TABLE
CISADM,CI_BF_ACCT_HST_VW,CISADM,F1_BUS_FLG,TABLE
CISADM,CI_BF_ACCT_HST_VW,CISADM,F1_BUS_OBJ,TABLE
CISADM,CI_BF_ACCT_HST_VW,CISADM,F1_BUS_OBJ_STATUS,TABLE
CISADM,CI_BSEG_READ_VW,CISADM,CI_BSEG_READ,TABLE
CISADM,CI_CASE_ST_ALG_VW,CISADM,CI_CASE_ST_ALG,TABLE
CISADM,CI_CA_ACCT_HIS_VW,CISADM,CI_CASE,TABLE
CISADM,CI_CA_ACCT_HIS_VW,CISADM,CI_CASE_LOG,TABLE
CISADM,CI_CA_ACCT_HIS_VW,CISADM,CI_LOOKUP,VIEW
CISADM,CI_CC_ACCT_HST_VW,CISADM,CI_ACCT_PER,TABLE
CISADM,CI_CC_ACCT_HST_VW,CISADM,CI_CC,TABLE
CISADM,CI_CC_ACCT_HST_VW,CISADM,CI_LOOKUP,VIEW
CISADM,CI_CEVTD_ACCHST_VW,CISADM,CI_CUT_EVT,TABLE
CISADM,CI_CEVTD_ACCHST_VW,CISADM,CI_CUT_EVT_DEP,TABLE
CISADM,CI_CEVTD_ACCHST_VW,CISADM,CI_CUT_PROC,TABLE
CISADM,CI_CEVTD_ACCHST_VW,CISADM,CI_LOOKUP,VIEW
CISADM,CI_CEVTD_ACCHST_VW,CISADM,CI_SA,TABLE
CISADM,CI_CEVT_ACCHST_VW,CISADM,CI_CUT_EVT,TABLE
CISADM,CI_CEVT_ACCHST_VW,CISADM,CI_CUT_PROC,TABLE
CISADM,CI_CEVT_ACCHST_VW,CISADM,CI_LOOKUP,VIEW
CISADM,CI_CEVT_ACCHST_VW,CISADM,CI_SA,TABLE
CISADM,CI_CE_ACCT_HST_VW,CISADM,CI_COLL_EVT,TABLE
CISADM,CI_CE_ACCT_HST_VW,CISADM,CI_COLL_PROC,TABLE
CISADM,CI_CE_ACCT_HST_VW,CISADM,CI_LOOKUP,VIEW
CISADM,CI_CFG_SPMR2_VW,CISADM,CI_MR,TABLE
CISADM,CI_CFG_SPMR2_VW,CISADM,CI_SP_MTR_EVT,TABLE
CISADM,CI_CFG_SPMR2_VW,CISADM,CI_SP_MTR_HIST,TABLE
CISADM,CI_CFG_SPMR_VW,CISADM,CI_MR,TABLE
CISADM,CI_CFG_SPMR_VW,CISADM,CI_SP_MTR_EVT,TABLE
CISADM,CI_CFG_SPMR_VW,CISADM,CI_SP_MTR_HIST,TABLE
CISADM,CI_CHTY_ACC_VW,CISADM,CI_CHAR_ENTITY,TABLE
CISADM,CI_CHTY_ACC_VW,CISADM,CI_CHAR_TYPE,TABLE
CISADM,CI_CHTY_ACC_VW,CISADM,CI_CHAR_TYPE_L,TABLE
CISADM,CI_CHTY_ADJT_VW,CISADM,CI_CHAR_ENTITY,TABLE
CISADM,CI_CHTY_ADJT_VW,CISADM,CI_CHAR_TYPE,TABLE
CISADM,CI_CHTY_ADJT_VW,CISADM,CI_CHAR_TYPE_L,TABLE
CISADM,CI_CHTY_BCTL_VW,CISADM,CI_CHAR_ENTITY,TABLE
CISADM,CI_CHTY_BCTL_VW,CISADM,CI_CHAR_TYPE,TABLE
CISADM,CI_CHTY_BCTL_VW,CISADM,CI_CHAR_TYPE_L,TABLE
CISADM,CI_CHTY_BSCL_VW,CISADM,CI_CHAR_ENTITY,TABLE
CISADM,CI_CHTY_BSCL_VW,CISADM,CI_CHAR_TYPE,TABLE
CISADM,CI_CHTY_BSCL_VW,CISADM,CI_CHAR_TYPE_L,TABLE
CISADM,CI_CHTY_DIV_VW,CISADM,CI_CHAR_ENTITY,TABLE
CISADM,CI_CHTY_DIV_VW,CISADM,CI_CHAR_TYPE,TABLE
CISADM,CI_CHTY_DIV_VW,CISADM,CI_CHAR_TYPE_L,TABLE
CISADM,CI_CHTY_ITMTY_VW,CISADM,CI_CHAR_ENTITY,TABLE
CISADM,CI_CHTY_ITMTY_VW,CISADM,CI_CHAR_TYPE,TABLE
CISADM,CI_CHTY_ITMTY_VW,CISADM,CI_CHAR_TYPE_L,TABLE
CISADM,CI_CHTY_ITM_VW,CISADM,CI_CHAR_ENTITY,TABLE
CISADM,CI_CHTY_ITM_VW,CISADM,CI_CHAR_TYPE,TABLE
CISADM,CI_CHTY_ITM_VW,CISADM,CI_CHAR_TYPE_L,TABLE
CISADM,CI_CHTY_MTRTY_VW,CISADM,CI_CHAR_ENTITY,TABLE
CISADM,CI_CHTY_MTRTY_VW,CISADM,CI_CHAR_TYPE,TABLE
CISADM,CI_CHTY_MTRTY_VW,CISADM,CI_CHAR_TYPE_L,TABLE
CISADM,CI_CHTY_MTR_VW,CISADM,CI_CHAR_ENTITY,TABLE
CISADM,CI_CHTY_MTR_VW,CISADM,CI_CHAR_TYPE,TABLE
CISADM,CI_CHTY_MTR_VW,CISADM,CI_CHAR_TYPE_L,TABLE
CISADM,CI_CHTY_PER_VW,CISADM,CI_CHAR_ENTITY,TABLE
CISADM,CI_CHTY_PER_VW,CISADM,CI_CHAR_TYPE,TABLE
CISADM,CI_CHTY_PER_VW,CISADM,CI_CHAR_TYPE_L,TABLE
CISADM,CI_CHTY_PREM_VW,CISADM,CI_CHAR_ENTITY,TABLE
CISADM,CI_CHTY_PREM_VW,CISADM,CI_CHAR_TYPE,TABLE
CISADM,CI_CHTY_PREM_VW,CISADM,CI_CHAR_TYPE_L,TABLE
CISADM,CI_CHTY_SATY_VW,CISADM,CI_CHAR_ENTITY,TABLE
CISADM,CI_CHTY_SATY_VW,CISADM,CI_CHAR_TYPE,TABLE
CISADM,CI_CHTY_SATY_VW,CISADM,CI_CHAR_TYPE_L,TABLE
CISADM,CI_CHTY_SA_VW,CISADM,CI_CHAR_ENTITY,TABLE
CISADM,CI_CHTY_SA_VW,CISADM,CI_CHAR_TYPE,TABLE
CISADM,CI_CHTY_SA_VW,CISADM,CI_CHAR_TYPE_L,TABLE
CISADM,CI_CHTY_SCMT_VW,CISADM,CI_CHAR_ENTITY,TABLE
CISADM,CI_CHTY_SCMT_VW,CISADM,CI_CHAR_TYPE,TABLE
CISADM,CI_CHTY_SCMT_VW,CISADM,CI_CHAR_TYPE_L,TABLE
CISADM,CI_CHTY_SPTY_VW,CISADM,CI_CHAR_ENTITY,TABLE
CISADM,CI_CHTY_SPTY_VW,CISADM,CI_CHAR_TYPE,TABLE
CISADM,CI_CHTY_SPTY_VW,CISADM,CI_CHAR_TYPE_L,TABLE
CISADM,CI_CHTY_SP_VW,CISADM,CI_CHAR_ENTITY,TABLE
CISADM,CI_CHTY_SP_VW,CISADM,CI_CHAR_TYPE,TABLE
CISADM,CI_CHTY_SP_VW,CISADM,CI_CHAR_TYPE_L,TABLE
CISADM,CI_CO_ACCT_HST_VW,CISADM,CI_CR_RAT_HIST,TABLE
CISADM,CI_CO_ACCT_HST_VW,CISADM,CI_LOOKUP,VIEW
CISADM,CI_CPROC_ACCHST_VW,CISADM,CI_CUT_PROC,TABLE
CISADM,CI_CPROC_ACCHST_VW,CISADM,CI_LOOKUP,VIEW
CISADM,CI_CPROC_ACCHST_VW,CISADM,CI_SA,TABLE
CISADM,CI_CP_ACCT_HST_VW,CISADM,CI_COLL_PROC,TABLE
CISADM,CI_CP_ACCT_HST_VW,CISADM,CI_LOOKUP,VIEW
CISADM,CI_CR_ACCT_HST_VW,CISADM,CI_CR_RAT_HIST,TABLE
CISADM,CI_CR_ACCT_HST_VW,CISADM,CI_LOOKUP,VIEW
CISADM,CI_CURRENCY_VW,CISADM,CI_CURRENCY_CD,TABLE
CISADM,CI_CURR_CUST_VW,CISADM,CI_ACCT,TABLE
CISADM,CI_CURR_CUST_VW,CISADM,CI_CFG_SPMR_VW,VIEW
CISADM,CI_CURR_CUST_VW,CISADM,CI_MTR,TABLE
CISADM,CI_CURR_CUST_VW,CISADM,CI_MTR_CONFIG,TABLE
CISADM,CI_CURR_CUST_VW,CISADM,CI_PREM,TABLE
CISADM,CI_CURR_CUST_VW,CISADM,CI_SA,TABLE
CISADM,CI_CURR_CUST_VW,CISADM,CI_SA_SP,TABLE
CISADM,CI_CURR_CUST_VW,CISADM,CI_SP,TABLE
CISADM,CI_CURR_CUST_VW,CISADM,CI_SP_TYPE,TABLE
CISADM,CI_DEG_MONTH_VW,CISADM,CI_DEG_DAY,TABLE
CISADM,CI_DVTY_CHTY_VW,CISADM,CI_CHAR_TYPE_L,TABLE
CISADM,CI_DVTY_CHTY_VW,CISADM,CI_CHTY_DV_TTYP,TABLE
CISADM,CI_FA_ACCT_HST_VW,CISADM,CI_FA,TABLE
CISADM,CI_FA_ACCT_HST_VW,CISADM,CI_LOOKUP,VIEW
CISADM,CI_FA_ACCT_HST_VW,CISADM,CI_SA,TABLE
CISADM,CI_FA_ACCT_HST_VW,CISADM,CI_SA_SP,TABLE
CISADM,CI_FT_GL_XTR_VW,CISADM,CI_FT,TABLE
CISADM,CI_FT_GL_XTR_VW,CISADM,CI_FT_GL,TABLE
CISADM,CI_FT_PROC_VW,CISADM,CI_FT_PROC,TABLE
CISADM,CI_INSTALLATION,CISADM,C0_INSTALLATION,TABLE
CISADM,CI_INSTALLATION,CISADM,CI_INSTALL_PROD,TABLE
CISADM,CI_INSTALLATION,CISADM,F1_INSTALLATION,TABLE
CISADM,CI_ITEEVI_SP_VW,CISADM,CI_SP_ITEM_EVT,TABLE
CISADM,CI_ITEM_CHTY_VW,CISADM,CI_CHAR_ENTITY,TABLE
CISADM,CI_ITEM_CHTY_VW,CISADM,CI_CHAR_TYPE_L,TABLE
CISADM,CI_ITEM_CHTY_VW,CISADM,CI_CHTY_ITTY,TABLE
CISADM,CI_ITEM_SP_E_VW,CISADM,CI_ITEEVI_SP_VW,VIEW
CISADM,CI_ITEM_SP_E_VW,CISADM,CI_SP_ITEM_HIST,TABLE
CISADM,CI_LOOKUP,CISADM,CI_LOOKUP_VAL,TABLE
CISADM,CI_LOOKUP,CISADM,CI_LOOKUP_VAL_L,TABLE
CISADM,CI_MR_RTEGEN_VW,CISADM,CI_MR_RTE,TABLE
CISADM,CI_MR_RTEGEN_VW,CISADM,CI_MR_RTE_TYPE,TABLE
CISADM,CI_MR_STGUP2_VW,CISADM,CI_MR_STAGE_UP,TABLE
CISADM,CI_MR_STG_UP_VW,CISADM,CI_MR_STAGE_UP,TABLE
CISADM,CI_MR_ST_EXC_VW,CISADM,CI_MR_STGUP_EXC,TABLE
CISADM,CI_MR_VW,CISADM,CI_MR,TABLE
CISADM,CI_MTR_CHTY_VW,CISADM,CI_CHAR_ENTITY,TABLE
CISADM,CI_MTR_CHTY_VW,CISADM,CI_CHAR_TYPE_L,TABLE
CISADM,CI_MTR_CHTY_VW,CISADM,CI_CHTY_MTTY,TABLE
CISADM,CI_MTR_CNFG2_VW,CISADM,CI_MTR_CONFIG,TABLE
CISADM,CI_MTR_CNFG_VW,CISADM,CI_MTR_CONFIG,TABLE
CISADM,CI_NT_UP_EXC_VW,CISADM,CI_NT_UP_EXCP,TABLE
CISADM,CI_ODEVTD_ACCHST_VW,CISADM,CI_LOOKUP,VIEW
CISADM,CI_ODEVTD_ACCHST_VW,CISADM,CI_OD_EVT,TABLE
CISADM,CI_ODEVTD_ACCHST_VW,CISADM,CI_OD_EVT_DEP,TABLE
CISADM,CI_ODEVTD_ACCHST_VW,CISADM,CI_OD_PROC,TABLE
CISADM,CI_ODEVT_ACCHST_VW,CISADM,CI_LOOKUP,VIEW
CISADM,CI_ODEVT_ACCHST_VW,CISADM,CI_OD_EVT,TABLE
CISADM,CI_ODEVT_ACCHST_VW,CISADM,CI_OD_PROC,TABLE
CISADM,CI_ODPRC_ACCHST_VW,CISADM,CI_LOOKUP,VIEW
CISADM,CI_ODPRC_ACCHST_VW,CISADM,CI_OD_PROC,TABLE
CISADM,CI_OMS_DEVICE_VW,CISADM,CI_SP,TABLE
CISADM,CI_OMS_DEVICE_VW,CISADM,CI_SP_GEO,TABLE
CISADM,CI_OMS_DEVICE_VW,CISADM,CI_WFM,TABLE
CISADM,CI_OMS_DEVICE_VW,CISADM,CI_WFM_OPT,TABLE
CISADM,CI_OMS_FEEDER_VW,CISADM,CI_SP,TABLE
CISADM,CI_OMS_FEEDER_VW,CISADM,CI_SP_GEO,TABLE
CISADM,CI_OMS_FEEDER_VW,CISADM,CI_WFM,TABLE
CISADM,CI_OMS_FEEDER_VW,CISADM,CI_WFM_OPT,TABLE
CISADM,CI_OMS_PHONE_VW,CISADM,CI_PER,TABLE
CISADM,CI_OMS_PHONE_VW,CISADM,CI_PER_PHONE,TABLE
CISADM,CI_OMS_PHONE_VW,CISADM,CI_WFM,TABLE
CISADM,CI_OMS_PHONE_VW,CISADM,CI_WFM_OPT,TABLE
CISADM,CI_OMS_PRIC_VW,CISADM,CI_SP,TABLE
CISADM,CI_OMS_PRIC_VW,CISADM,CI_SP_CHAR,TABLE
CISADM,CI_OMS_PRIC_VW,CISADM,CI_WFM,TABLE
CISADM,CI_OMS_PRIC_VW,CISADM,CI_WFM_OPT,TABLE
CISADM,CI_OMS_PRIK_VW,CISADM,CI_SP,TABLE
CISADM,CI_OMS_PRIK_VW,CISADM,CI_SP_CHAR,TABLE
CISADM,CI_OMS_PRIK_VW,CISADM,CI_WFM,TABLE
CISADM,CI_OMS_PRIK_VW,CISADM,CI_WFM_OPT,TABLE
CISADM,CI_OMS_PRIM_VW,CISADM,CI_SP,TABLE
CISADM,CI_OMS_PRIM_VW,CISADM,CI_SP_CHAR,TABLE
CISADM,CI_OMS_PRIM_VW,CISADM,CI_WFM,TABLE
CISADM,CI_OMS_PRIM_VW,CISADM,CI_WFM_OPT,TABLE
CISADM,CI_PAY_TND_VW,CISADM,CI_PAY_TNDR,TABLE
CISADM,CI_PAY_VW,CISADM,CI_PAY,TABLE
CISADM,CI_PA_ACCT_HST_VW,CISADM,CI_LOOKUP,VIEW
CISADM,CI_PA_ACCT_HST_VW,CISADM,CI_SA,TABLE
CISADM,CI_PA_ACCT_HST_VW,CISADM,CI_SA_TYPE,TABLE
CISADM,CI_PER_PRIM_VW,CISADM,CI_PER_NAME,TABLE
CISADM,CI_PP_ACCT_HST_VW,CISADM,CI_CURRENCY_CD,TABLE
CISADM,CI_PP_ACCT_HST_VW,CISADM,CI_LOOKUP,VIEW
CISADM,CI_PP_ACCT_HST_VW,CISADM,CI_PP,TABLE
CISADM,CI_PP_ACCT_HST_VW,CISADM,CI_PP_SCHED_PAY,TABLE
CISADM,CI_RC_ACCT_HIS_VW,CISADM,CI_LOOKUP,VIEW
CISADM,CI_RC_ACCT_HIS_VW,CISADM,CI_REBATE_CLAIM,TABLE
CISADM,CI_RC_ACCT_HIS_VW,CISADM,CI_REBATE_CLAIM_LOG,TABLE
CISADM,CI_REGRD_SEL_VW,CISADM,CI_REG_READ,TABLE
CISADM,CI_ROOT_OBJ_VW,CISADM,CI_ROOT_OBJ,TABLE
CISADM,CI_ROOT_OBJ_VW,CISADM,CI_ROOT_OBJ_PK,TABLE
CISADM,CI_RV_BF_RDR_VW,CISADM,CI_BF,TABLE
CISADM,CI_RV_BF_RDR_VW,CISADM,CI_BF_L,TABLE
CISADM,CI_RV_BF_RDR_VW,CISADM,CI_RC,TABLE
CISADM,CI_RV_BF_RDR_VW,CISADM,CI_RV,TABLE
CISADM,CI_RV_BF_TXE_VW,CISADM,CI_BF,TABLE
CISADM,CI_RV_BF_TXE_VW,CISADM,CI_BF_L,TABLE
CISADM,CI_RV_BF_TXE_VW,CISADM,CI_RC,TABLE
CISADM,CI_RV_BF_TXE_VW,CISADM,CI_RV,TABLE
CISADM,CI_RV_BF_VAL_VW,CISADM,CI_BF,TABLE
CISADM,CI_RV_BF_VAL_VW,CISADM,CI_BF_L,TABLE
CISADM,CI_RV_BF_VAL_VW,CISADM,CI_RC,TABLE
CISADM,CI_RV_BF_VAL_VW,CISADM,CI_RV,TABLE
CISADM,CI_SA_IREG_VW,CISADM,CI_CFG_SPMR_VW,VIEW
CISADM,CI_SA_IREG_VW,CISADM,CI_INTV_REG_TYP,TABLE
CISADM,CI_SA_IREG_VW,CISADM,CI_MTR_CONFIG,TABLE
CISADM,CI_SA_IREG_VW,CISADM,CI_REG,TABLE
CISADM,CI_SA_IREG_VW,CISADM,CI_SA_SP,TABLE
CISADM,CI_SA_RDR_VW,CISADM,CI_SA_CONTERM,TABLE
CISADM,CI_SA_SP_DT_VW,CISADM,CI_SA_SP,TABLE
CISADM,CI_SA_TXE_VW,CISADM,CI_SA_CONTERM,TABLE
CISADM,CI_SA_VAL_VW,CISADM,CI_SA_CONTERM,TABLE
CISADM,CI_SCTY_VAL_VW,CISADM,CI_APP_SVC_SCTY,TABLE
CISADM,CI_SCTY_VAL_VW,CISADM,CI_SC_TYPE_L,TABLE
CISADM,CI_SCTY_VAL_VW,CISADM,SC_USR_GRP_PROF,TABLE
CISADM,CI_SED_ACCT_HST_VW,CISADM,CI_LOOKUP,VIEW
CISADM,CI_SED_ACCT_HST_VW,CISADM,CI_SA,TABLE
CISADM,CI_SED_ACCT_HST_VW,CISADM,CI_SEV_EVT,TABLE
CISADM,CI_SED_ACCT_HST_VW,CISADM,CI_SEV_EVT_DEP,TABLE
CISADM,CI_SED_ACCT_HST_VW,CISADM,CI_SEV_PROC,TABLE
CISADM,CI_SE_ACCT_HST_VW,CISADM,CI_LOOKUP,VIEW
CISADM,CI_SE_ACCT_HST_VW,CISADM,CI_SA,TABLE
CISADM,CI_SE_ACCT_HST_VW,CISADM,CI_SEV_EVT,TABLE
CISADM,CI_SE_ACCT_HST_VW,CISADM,CI_SEV_PROC,TABLE
CISADM,CI_SP_CHTY_VW,CISADM,CI_CHAR_ENTITY,TABLE
CISADM,CI_SP_CHTY_VW,CISADM,CI_CHAR_TYPE_L,TABLE
CISADM,CI_SP_CHTY_VW,CISADM,CI_CHTY_SPTY,TABLE
CISADM,CI_SP_IT_EV_VW,CISADM,CI_SP_ITEM_EVT,TABLE
CISADM,CI_SP_IT_EV_VW,CISADM,CI_SP_ITEM_HIST,TABLE
CISADM,CI_SP_MTR_EV_VW,CISADM,CI_MR,TABLE
CISADM,CI_SP_MTR_EV_VW,CISADM,CI_SP_MTR_EVT,TABLE
CISADM,CI_SP_MTR_EV_VW,CISADM,CI_SP_MTR_HIST,TABLE
CISADM,CI_SV_ACCT_HST_VW,CISADM,CI_LOOKUP,VIEW
CISADM,CI_SV_ACCT_HST_VW,CISADM,CI_SA,TABLE
CISADM,CI_SV_ACCT_HST_VW,CISADM,CI_SEV_PROC,TABLE
CISADM,CI_TD_ENTRY_OPEN_VW,CISADM,CI_CHAR_TYPE,TABLE
CISADM,CI_TD_ENTRY_OPEN_VW,CISADM,CI_FK_REF,TABLE
CISADM,CI_TD_ENTRY_OPEN_VW,CISADM,CI_MD_TBL,TABLE
CISADM,CI_TD_ENTRY_OPEN_VW,CISADM,CI_TD_DRLKEY,TABLE
CISADM,CI_TD_ENTRY_OPEN_VW,CISADM,CI_TD_DRLKEY_TY,TABLE
CISADM,CI_TD_ENTRY_OPEN_VW,CISADM,CI_TD_ENTRY,TABLE
CISADM,CI_TD_ENTRY_OPEN_VW,CISADM,CI_TD_ENTRY_CHA,TABLE
CISADM,CI_TD_ENTRY_OPEN_VW,CISADM,CI_TD_LOG,TABLE
CISADM,CI_TD_ENTRY_OPEN_VW,CISADM,CI_TD_MSG_PARM,TABLE
CISADM,CI_TD_ENTRY_OPEN_VW,CISADM,CI_TD_SRTKEY,TABLE
CISADM,CI_TD_ENTRY_OPEN_VW,CISADM,CI_TD_SRTKEY_TY,TABLE
CISADM,CI_TD_ENTRY_OPEN_VW,CISADM,CI_TD_TYPE,TABLE
CISADM,CI_TD_ENTRY_OPEN_VW,PUBLIC,DUAL,SYNONYM
CISADM,CI_USR_ACC_GRP_VW,CISADM,CI_ACC_GRP_DAR,TABLE
CISADM,CI_USR_ACC_GRP_VW,CISADM,CI_DAR_USR,TABLE
CISADM,CI_WE_ACCT_HST_VW,CISADM,CI_LOOKUP,VIEW
CISADM,CI_WE_ACCT_HST_VW,CISADM,CI_WO_EVT,TABLE
CISADM,CI_WE_ACCT_HST_VW,CISADM,CI_WO_PROC,TABLE
CISADM,CI_WO_ACCT_HST_VW,CISADM,CI_LOOKUP,VIEW
CISADM,CI_WO_ACCT_HST_VW,CISADM,CI_WO_PROC,TABLE
CISADM,CMS_ADMIN_CONFIG_VW,CISADM,C1_CALC_GRP_L,TABLE
CISADM,CMS_ADMIN_CONFIG_VW,CISADM,C1_CALC_RULE_CRT_L,TABLE
CISADM,CMS_ADMIN_CONFIG_VW,CISADM,C1_CALC_RULE_L,TABLE
CISADM,CMS_ADMIN_CONFIG_VW,CISADM,C1_CL_CAT_TYPE_L,TABLE
CISADM,CMS_ADMIN_CONFIG_VW,CISADM,C1_COMM_RTE_TYPE_L,TABLE
CISADM,CMS_ADMIN_CONFIG_VW,CISADM,C1_CONT_MS_TYPE_L,TABLE
CISADM,CMS_ADMIN_CONFIG_VW,CISADM,C1_CONT_RULE_L,TABLE
CISADM,CMS_ADMIN_CONFIG_VW,CISADM,C1_CONT_TYPE_L,TABLE
CISADM,CMS_ADMIN_CONFIG_VW,CISADM,C1_CS_REQ_TYPE_L,TABLE
CISADM,CMS_ADMIN_CONFIG_VW,CISADM,C1_CS_REQ_TYPE_SVC_CRIT_L,TABLE
CISADM,CMS_ADMIN_CONFIG_VW,CISADM,C1_CUST_REL_REQ_TYPE_L,TABLE
CISADM,CMS_ADMIN_CONFIG_VW,CISADM,C1_INITIATIVE_CRITERIA_L,TABLE
CISADM,CMS_ADMIN_CONFIG_VW,CISADM,C1_INITIATIVE_L,TABLE
CISADM,CMS_ADMIN_CONFIG_VW,CISADM,C1_ISS_CTR_L,TABLE
CISADM,CMS_ADMIN_CONFIG_VW,CISADM,C1_LEAD_EVT_TYPE_L,TABLE
CISADM,CMS_ADMIN_CONFIG_VW,CISADM,C1_LTR_TMPL_REC_L,TABLE
CISADM,CMS_ADMIN_CONFIG_VW,CISADM,C1_MKT_L,TABLE
CISADM,CMS_ADMIN_CONFIG_VW,CISADM,C1_MKT_PROV_CONFIG_OPT_L,TABLE
CISADM,CMS_ADMIN_CONFIG_VW,CISADM,C1_NTF_TYPE_L,TABLE
CISADM,CMS_ADMIN_CONFIG_VW,CISADM,C1_PA_RQST_TYPE_L,TABLE
CISADM,CMS_ADMIN_CONFIG_VW,CISADM,C1_PROD_COMP_ELIG_CRIT_L,TABLE
CISADM,CMS_ADMIN_CONFIG_VW,CISADM,C1_PROD_COMP_L,TABLE
CISADM,CMS_ADMIN_CONFIG_VW,CISADM,C1_PROD_ELIG_CRIT_L,TABLE
CISADM,CMS_ADMIN_CONFIG_VW,CISADM,C1_PROD_L,TABLE
CISADM,CMS_ADMIN_CONFIG_VW,CISADM,C1_PROD_RULE_L,TABLE
CISADM,CMS_ADMIN_CONFIG_VW,CISADM,C1_PROD_VER_L,TABLE
CISADM,CMS_ADMIN_CONFIG_VW,CISADM,C1_PROV_CONFIG_OPT_L,TABLE
CISADM,CMS_ADMIN_CONFIG_VW,CISADM,C1_QUESTION_L,TABLE
CISADM,CMS_ADMIN_CONFIG_VW,CISADM,C1_REPRESENTATIVE_L,TABLE
CISADM,CMS_ADMIN_CONFIG_VW,CISADM,C1_SERVICE_CAT_L,TABLE
CISADM,CMS_ADMIN_CONFIG_VW,CISADM,C1_SERVICE_CODE_L,TABLE
CISADM,CMS_ADMIN_CONFIG_VW,CISADM,C1_TOU_MAP_L,TABLE
CISADM,CMS_ADMIN_CONFIG_VW,CISADM,C1_TOU_MAP_TMPLT_L,TABLE
CISADM,CMS_ADMIN_CONFIG_VW,CISADM,C1_TOU_MAP_TYPE_L,TABLE
CISADM,CMS_ADMIN_CONFIG_VW,CISADM,CI_ACCT_MGMT_GR_L,TABLE
CISADM,CMS_ADMIN_CONFIG_VW,CISADM,CI_ACCT_REL_TYP_L,TABLE
CISADM,CMS_ADMIN_CONFIG_VW,CISADM,CI_ACC_GRP_L,TABLE
CISADM,CMS_ADMIN_CONFIG_VW,CISADM,CI_ADJ_CAN_RSN_L,TABLE
CISADM,CMS_ADMIN_CONFIG_VW,CISADM,CI_ADJ_TYPE_L,TABLE
CISADM,CMS_ADMIN_CONFIG_VW,CISADM,CI_ADJ_TYP_PROF_L,TABLE
CISADM,CMS_ADMIN_CONFIG_VW,CISADM,CI_ALERT_TYPE_L,TABLE
CISADM,CMS_ADMIN_CONFIG_VW,CISADM,CI_ALG_L,TABLE
CISADM,CMS_ADMIN_CONFIG_VW,CISADM,CI_ALG_TYPE_L,TABLE
CISADM,CMS_ADMIN_CONFIG_VW,CISADM,CI_AM_ACTIVITY_TYPE_L,TABLE
CISADM,CMS_ADMIN_CONFIG_VW,CISADM,CI_APAY_RT_TYPE_L,TABLE
CISADM,CMS_ADMIN_CONFIG_VW,CISADM,CI_APAY_SRC_L,TABLE
CISADM,CMS_ADMIN_CONFIG_VW,CISADM,CI_APPR_PROF_L,TABLE
CISADM,CMS_ADMIN_CONFIG_VW,CISADM,CI_APREQ_TYPE_L,TABLE
CISADM,CMS_ADMIN_CONFIG_VW,CISADM,CI_BANK_L,TABLE
CISADM,CMS_ADMIN_CONFIG_VW,CISADM,CI_BATCH_CTRL_L,TABLE
CISADM,CMS_ADMIN_CONFIG_VW,CISADM,CI_BCHG_UP_XTYP_L,TABLE
CISADM,CMS_ADMIN_CONFIG_VW,CISADM,CI_BF_L,TABLE
CISADM,CMS_ADMIN_CONFIG_VW,CISADM,CI_BILL_CAN_RSN_L,TABLE
CISADM,CMS_ADMIN_CONFIG_VW,CISADM,CI_BILL_CYC_L,TABLE
CISADM,CMS_ADMIN_CONFIG_VW,CISADM,CI_BILL_MSG_L,TABLE
CISADM,CMS_ADMIN_CONFIG_VW,CISADM,CI_BILL_PERIOD_L,TABLE
CISADM,CMS_ADMIN_CONFIG_VW,CISADM,CI_BILL_RT_TYPE_L,TABLE
CISADM,CMS_ADMIN_CONFIG_VW,CISADM,CI_BILL_SEG_TYP_L,TABLE
CISADM,CMS_ADMIN_CONFIG_VW,CISADM,CI_BUD_PLAN_L,TABLE
CISADM,CMS_ADMIN_CONFIG_VW,CISADM,CI_B_CHG_TMPLT_L,TABLE
CISADM,CMS_ADMIN_CONFIG_VW,CISADM,CI_CAL_GL_L,TABLE
CISADM,CMS_ADMIN_CONFIG_VW,CISADM,CI_CAL_WORK_L,TABLE
CISADM,CMS_ADMIN_CONFIG_VW,CISADM,CI_CAMPAIGN_L,TABLE
CISADM,CMS_ADMIN_CONFIG_VW,CISADM,CI_CASE_TYPE_L,TABLE
CISADM,CMS_ADMIN_CONFIG_VW,CISADM,CI_CC_CL_L,TABLE
CISADM,CMS_ADMIN_CONFIG_VW,CISADM,CI_CC_TYPE_L,TABLE
CISADM,CMS_ADMIN_CONFIG_VW,CISADM,CI_CEVT_CAN_RSN_L,TABLE
CISADM,CMS_ADMIN_CONFIG_VW,CISADM,CI_CHAR_TYPE_L,TABLE
CISADM,CMS_ADMIN_CONFIG_VW,CISADM,CI_CIS_DIVISION_L,TABLE
CISADM,CMS_ADMIN_CONFIG_VW,CISADM,CI_COLL_AGY_L,TABLE
CISADM,CMS_ADMIN_CONFIG_VW,CISADM,CI_COLL_CL_CNTL_L,TABLE
CISADM,CMS_ADMIN_CONFIG_VW,CISADM,CI_COLL_CL_L,TABLE
CISADM,CMS_ADMIN_CONFIG_VW,CISADM,CI_COLL_EVT_TYP_L,TABLE
CISADM,CMS_ADMIN_CONFIG_VW,CISADM,CI_COLL_PROC_TM_L,TABLE
CISADM,CMS_ADMIN_CONFIG_VW,CISADM,CI_COL_REF_L,TABLE
CISADM,CMS_ADMIN_CONFIG_VW,CISADM,CI_CONSV_PROG_L,TABLE
CISADM,CMS_ADMIN_CONFIG_VW,CISADM,CI_CONT_QTY_TYP_L,TABLE
CISADM,CMS_ADMIN_CONFIG_VW,CISADM,CI_COP_EVT_TYPE_L,TABLE
CISADM,CMS_ADMIN_CONFIG_VW,CISADM,CI_COP_TYPE_L,TABLE
CISADM,CMS_ADMIN_CONFIG_VW,CISADM,CI_COUNTRY_L,TABLE
CISADM,CMS_ADMIN_CONFIG_VW,CISADM,CI_CR_UNIT_L,TABLE
CISADM,CMS_ADMIN_CONFIG_VW,CISADM,CI_CURRENCY_CD_L,TABLE
CISADM,CMS_ADMIN_CONFIG_VW,CISADM,CI_CUST_CL_L,TABLE
CISADM,CMS_ADMIN_CONFIG_VW,CISADM,CI_CUT_EVT_TYPE_L,TABLE
CISADM,CMS_ADMIN_CONFIG_VW,CISADM,CI_CUT_PROC_TMP_L,TABLE
CISADM,CMS_ADMIN_CONFIG_VW,CISADM,CI_DAR_L,TABLE
CISADM,CMS_ADMIN_CONFIG_VW,CISADM,CI_DEBT_CL_L,TABLE
CISADM,CMS_ADMIN_CONFIG_VW,CISADM,CI_DEP_CL_L,TABLE
CISADM,CMS_ADMIN_CONFIG_VW,CISADM,CI_DISCON_LOC_L,TABLE
CISADM,CMS_ADMIN_CONFIG_VW,CISADM,CI_DISP_GRP_L,TABLE
CISADM,CMS_ADMIN_CONFIG_VW,CISADM,CI_DISP_ICON_L,TABLE
CISADM,CMS_ADMIN_CONFIG_VW,CISADM,CI_DISP_PROF_L,TABLE
CISADM,CMS_ADMIN_CONFIG_VW,CISADM,CI_DST_CODE_L,TABLE
CISADM,CMS_ADMIN_CONFIG_VW,CISADM,CI_DST_RULE_L,TABLE
CISADM,CMS_ADMIN_CONFIG_VW,CISADM,CI_DV_TEST_TYPE_L,TABLE
CISADM,CMS_ADMIN_CONFIG_VW,CISADM,CI_ENRL_CAN_RSN_L,TABLE
CISADM,CMS_ADMIN_CONFIG_VW,CISADM,CI_ENRL_CBK_RSN_L,TABLE
CISADM,CMS_ADMIN_CONFIG_VW,CISADM,CI_FA_CAN_RSN_L,TABLE
CISADM,CMS_ADMIN_CONFIG_VW,CISADM,CI_FA_REM_CD_L,TABLE
CISADM,CMS_ADMIN_CONFIG_VW,CISADM,CI_FA_RESCHED_RSN_L,TABLE
CISADM,CMS_ADMIN_CONFIG_VW,CISADM,CI_FA_TYPE_L,TABLE
CISADM,CMS_ADMIN_CONFIG_VW,CISADM,CI_FA_TYPE_PROF_L,TABLE
CISADM,CMS_ADMIN_CONFIG_VW,CISADM,CI_FK_REF_L,TABLE
CISADM,CMS_ADMIN_CONFIG_VW,CISADM,CI_FREQ_L,TABLE
CISADM,CMS_ADMIN_CONFIG_VW,CISADM,CI_FS_CL_L,TABLE
CISADM,CMS_ADMIN_CONFIG_VW,CISADM,CI_FUNC_L,TABLE
CISADM,CMS_ADMIN_CONFIG_VW,CISADM,CI_FUND_L,TABLE
CISADM,CMS_ADMIN_CONFIG_VW,CISADM,CI_GEO_TYPE_L,TABLE
CISADM,CMS_ADMIN_CONFIG_VW,CISADM,CI_GL_DIVISION_L,TABLE
CISADM,CMS_ADMIN_CONFIG_VW,CISADM,CI_ID_TYPE_L,TABLE
CISADM,CMS_ADMIN_CONFIG_VW,CISADM,CI_INTV_PFRELTY_L,TABLE
CISADM,CMS_ADMIN_CONFIG_VW,CISADM,CI_INTV_PF_TYP_L,TABLE
CISADM,CMS_ADMIN_CONFIG_VW,CISADM,CI_INTV_REG_TYP_L,TABLE
CISADM,CMS_ADMIN_CONFIG_VW,CISADM,CI_ITEM_TYPE_L,TABLE
CISADM,CMS_ADMIN_CONFIG_VW,CISADM,CI_LETTER_TMPL_L,TABLE
CISADM,CMS_ADMIN_CONFIG_VW,CISADM,CI_LOOKUP_VAL_L,TABLE
CISADM,CMS_ADMIN_CONFIG_VW,CISADM,CI_MATCH_TYPE_L,TABLE
CISADM,CMS_ADMIN_CONFIG_VW,CISADM,CI_MD_CTL_L,TABLE
CISADM,CMS_ADMIN_CONFIG_VW,CISADM,CI_MD_ELTY_L,TABLE
CISADM,CMS_ADMIN_CONFIG_VW,CISADM,CI_MD_FLD_L,TABLE
CISADM,CMS_ADMIN_CONFIG_VW,CISADM,CI_MD_MENU_L,TABLE
CISADM,CMS_ADMIN_CONFIG_VW,CISADM,CI_MD_MO_L,TABLE
CISADM,CMS_ADMIN_CONFIG_VW,CISADM,CI_MD_RPT_L,TABLE
CISADM,CMS_ADMIN_CONFIG_VW,CISADM,CI_MD_SO_L,TABLE
CISADM,CMS_ADMIN_CONFIG_VW,CISADM,CI_MD_SRC_TYPE_L,TABLE
CISADM,CMS_ADMIN_CONFIG_VW,CISADM,CI_MD_SVC_L,TABLE
CISADM,CMS_ADMIN_CONFIG_VW,CISADM,CI_MD_TBL_L,TABLE
CISADM,CMS_ADMIN_CONFIG_VW,CISADM,CI_MD_TMPL_L,TABLE
CISADM,CMS_ADMIN_CONFIG_VW,CISADM,CI_MD_WRK_TBL_L,TABLE
CISADM,CMS_ADMIN_CONFIG_VW,CISADM,CI_MEVT_CAN_RSN_L,TABLE
CISADM,CMS_ADMIN_CONFIG_VW,CISADM,CI_MFG_L,TABLE
CISADM,CMS_ADMIN_CONFIG_VW,CISADM,CI_MKTMSG_TYPE_L,TABLE
CISADM,CMS_ADMIN_CONFIG_VW,CISADM,CI_MR_CYC_L,TABLE
CISADM,CMS_ADMIN_CONFIG_VW,CISADM,CI_MR_INSTR_L,TABLE
CISADM,CMS_ADMIN_CONFIG_VW,CISADM,CI_MR_RTE_TYPE_L,TABLE
CISADM,CMS_ADMIN_CONFIG_VW,CISADM,CI_MR_SOURCE_L,TABLE
CISADM,CMS_ADMIN_CONFIG_VW,CISADM,CI_MR_WARN_L,TABLE
CISADM,CMS_ADMIN_CONFIG_VW,CISADM,CI_MTR_CONFIG_TY_L,TABLE
CISADM,CMS_ADMIN_CONFIG_VW,CISADM,CI_MTR_ID_TYPE_L,TABLE
CISADM,CMS_ADMIN_CONFIG_VW,CISADM,CI_MTR_LOC_L,TABLE
CISADM,CMS_ADMIN_CONFIG_VW,CISADM,CI_MTR_TYPE_L,TABLE
CISADM,CMS_ADMIN_CONFIG_VW,CISADM,CI_NAV_OPT_L,TABLE
CISADM,CMS_ADMIN_CONFIG_VW,CISADM,CI_NB_RULE_L,TABLE
CISADM,CMS_ADMIN_CONFIG_VW,CISADM,CI_NCD_TYPE_L,TABLE
CISADM,CMS_ADMIN_CONFIG_VW,CISADM,CI_NT_DWN_PROF_L,TABLE
CISADM,CMS_ADMIN_CONFIG_VW,CISADM,CI_NT_DWN_TYPE_L,TABLE
CISADM,CMS_ADMIN_CONFIG_VW,CISADM,CI_NT_UP_XTYPE_L,TABLE
CISADM,CMS_ADMIN_CONFIG_VW,CISADM,CI_NT_XID_L,TABLE
CISADM,CMS_ADMIN_CONFIG_VW,CISADM,CI_OD_EVT_TYPE_L,TABLE
CISADM,CMS_ADMIN_CONFIG_VW,CISADM,CI_OD_PROC_TMP_L,TABLE
CISADM,CMS_ADMIN_CONFIG_VW,CISADM,CI_OEVT_CAN_RSN_L,TABLE
CISADM,CMS_ADMIN_CONFIG_VW,CISADM,CI_OP_AREA_L,TABLE
CISADM,CMS_ADMIN_CONFIG_VW,CISADM,CI_PAY_CAN_RSN_L,TABLE
CISADM,CMS_ADMIN_CONFIG_VW,CISADM,CI_PAY_METH_L,TABLE
CISADM,CMS_ADMIN_CONFIG_VW,CISADM,CI_PAY_SEG_TYPE_L,TABLE
CISADM,CMS_ADMIN_CONFIG_VW,CISADM,CI_PAY_TMPL_L,TABLE
CISADM,CMS_ADMIN_CONFIG_VW,CISADM,CI_PER_REL_TYPE_L,TABLE
CISADM,CMS_ADMIN_CONFIG_VW,CISADM,CI_PHONE_TYPE_L,TABLE
CISADM,CMS_ADMIN_CONFIG_VW,CISADM,CI_PKG_L,TABLE
CISADM,CMS_ADMIN_CONFIG_VW,CISADM,CI_PORTAL_L,TABLE
CISADM,CMS_ADMIN_CONFIG_VW,CISADM,CI_PP_TYPE_L,TABLE
CISADM,CMS_ADMIN_CONFIG_VW,CISADM,CI_PREM_TYPE_L,TABLE
CISADM,CMS_ADMIN_CONFIG_VW,CISADM,CI_PROP_DCL_RSN_L,TABLE
CISADM,CMS_ADMIN_CONFIG_VW,CISADM,CI_PROTOCOL_L,TABLE
CISADM,CMS_ADMIN_CONFIG_VW,CISADM,CI_QTE_RTE_TYPE_L,TABLE
CISADM,CMS_ADMIN_CONFIG_VW,CISADM,CI_RC_L,TABLE
CISADM,CMS_ADMIN_CONFIG_VW,CISADM,CI_READER_REM_L,TABLE
CISADM,CMS_ADMIN_CONFIG_VW,CISADM,CI_READ_OUT_TYP_L,TABLE
CISADM,CMS_ADMIN_CONFIG_VW,CISADM,CI_REBATE_DEFN_L,TABLE
CISADM,CMS_ADMIN_CONFIG_VW,CISADM,CI_REG_RULE_L,TABLE
CISADM,CMS_ADMIN_CONFIG_VW,CISADM,CI_REP_L,TABLE
CISADM,CMS_ADMIN_CONFIG_VW,CISADM,CI_RETIRE_RSN_L,TABLE
CISADM,CMS_ADMIN_CONFIG_VW,CISADM,CI_REV_CL_L,TABLE
CISADM,CMS_ADMIN_CONFIG_VW,CISADM,CI_ROLE_L,TABLE
CISADM,CMS_ADMIN_CONFIG_VW,CISADM,CI_RS_L,TABLE
CISADM,CMS_ADMIN_CONFIG_VW,CISADM,CI_RV_L,TABLE
CISADM,CMS_ADMIN_CONFIG_VW,CISADM,CI_SA_REL_TYPE_L,TABLE
CISADM,CMS_ADMIN_CONFIG_VW,CISADM,CI_SA_TYPE_L,TABLE
CISADM,CMS_ADMIN_CONFIG_VW,CISADM,CI_SCM_NCTV_RSN_L,TABLE
CISADM,CMS_ADMIN_CONFIG_VW,CISADM,CI_SCM_TYPE_L,TABLE
CISADM,CMS_ADMIN_CONFIG_VW,CISADM,CI_SCR_L,TABLE
CISADM,CMS_ADMIN_CONFIG_VW,CISADM,CI_SC_EVT_TYPE_L,TABLE
CISADM,CMS_ADMIN_CONFIG_VW,CISADM,CI_SC_TYPE_L,TABLE
CISADM,CMS_ADMIN_CONFIG_VW,CISADM,CI_SEAS_TM_SHIFT_L,TABLE
CISADM,CMS_ADMIN_CONFIG_VW,CISADM,CI_SEV_EVT_TYPE_L,TABLE
CISADM,CMS_ADMIN_CONFIG_VW,CISADM,CI_SEV_PROC_TMP_L,TABLE
CISADM,CMS_ADMIN_CONFIG_VW,CISADM,CI_SIC_L,TABLE
CISADM,CMS_ADMIN_CONFIG_VW,CISADM,CI_SP_TYPE_L,TABLE
CISADM,CMS_ADMIN_CONFIG_VW,CISADM,CI_SQI_L,TABLE
CISADM,CMS_ADMIN_CONFIG_VW,CISADM,CI_SQ_RULE_L,TABLE
CISADM,CMS_ADMIN_CONFIG_VW,CISADM,CI_SS_OPT_L,TABLE
CISADM,CMS_ADMIN_CONFIG_VW,CISADM,CI_STM_CYC_L,TABLE
CISADM,CMS_ADMIN_CONFIG_VW,CISADM,CI_STM_RTE_TY_L,TABLE
CISADM,CMS_ADMIN_CONFIG_VW,CISADM,CI_SVC_TYPE_L,TABLE
CISADM,CMS_ADMIN_CONFIG_VW,CISADM,CI_TAX_EX_TYPE_L,TABLE
CISADM,CMS_ADMIN_CONFIG_VW,CISADM,CI_TC_L,TABLE
CISADM,CMS_ADMIN_CONFIG_VW,CISADM,CI_TD_TYPE_L,TABLE
CISADM,CMS_ADMIN_CONFIG_VW,CISADM,CI_TENDER_TYPE_L,TABLE
CISADM,CMS_ADMIN_CONFIG_VW,CISADM,CI_THRD_PTY_L,TABLE
CISADM,CMS_ADMIN_CONFIG_VW,CISADM,CI_TIME_ZONE_L,TABLE
CISADM,CMS_ADMIN_CONFIG_VW,CISADM,CI_TMAP_RELTY_L,TABLE
CISADM,CMS_ADMIN_CONFIG_VW,CISADM,CI_TMAP_TMPL_L,TABLE
CISADM,CMS_ADMIN_CONFIG_VW,CISADM,CI_TMAP_TYPE_L,TABLE
CISADM,CMS_ADMIN_CONFIG_VW,CISADM,CI_TNDR_SRCE_L,TABLE
CISADM,CMS_ADMIN_CONFIG_VW,CISADM,CI_TOS_CAN_RSN_L,TABLE
CISADM,CMS_ADMIN_CONFIG_VW,CISADM,CI_TOS_TYPE_L,TABLE
CISADM,CMS_ADMIN_CONFIG_VW,CISADM,CI_TOU_GRP_L,TABLE
CISADM,CMS_ADMIN_CONFIG_VW,CISADM,CI_TOU_L,TABLE
CISADM,CMS_ADMIN_CONFIG_VW,CISADM,CI_TREND_AREA_L,TABLE
CISADM,CMS_ADMIN_CONFIG_VW,CISADM,CI_TREND_CL_L,TABLE
CISADM,CMS_ADMIN_CONFIG_VW,CISADM,CI_TST_COMP_TYP_L,TABLE
CISADM,CMS_ADMIN_CONFIG_VW,CISADM,CI_UA_TYPE_L,TABLE
CISADM,CMS_ADMIN_CONFIG_VW,CISADM,CI_UOM_L,TABLE
CISADM,CMS_ADMIN_CONFIG_VW,CISADM,CI_WFM_L,TABLE
CISADM,CMS_ADMIN_CONFIG_VW,CISADM,CI_WF_EVT_TYPE_L,TABLE
CISADM,CMS_ADMIN_CONFIG_VW,CISADM,CI_WF_PP_L,TABLE
CISADM,CMS_ADMIN_CONFIG_VW,CISADM,CI_WF_PROC_TMPL_L,TABLE
CISADM,CMS_ADMIN_CONFIG_VW,CISADM,CI_WO_CNTL_L,TABLE
CISADM,CMS_ADMIN_CONFIG_VW,CISADM,CI_WO_DEBT_CL_L,TABLE
CISADM,CMS_ADMIN_CONFIG_VW,CISADM,CI_WO_EVT_TYP_L,TABLE
CISADM,CMS_ADMIN_CONFIG_VW,CISADM,CI_WO_PROC_TMPL_L,TABLE
CISADM,CMS_ADMIN_CONFIG_VW,CISADM,CI_XAI_ADAPTER_L,TABLE
CISADM,CMS_ADMIN_CONFIG_VW,CISADM,CI_XAI_CLASS_L,TABLE
CISADM,CMS_ADMIN_CONFIG_VW,CISADM,CI_XAI_ENV_HNDL_L,TABLE
CISADM,CMS_ADMIN_CONFIG_VW,CISADM,CI_XAI_EXECUTER_L,TABLE
CISADM,CMS_ADMIN_CONFIG_VW,CISADM,CI_XAI_FORMAT_L,TABLE
CISADM,CMS_ADMIN_CONFIG_VW,CISADM,CI_XAI_IN_SVC_L,TABLE
CISADM,CMS_ADMIN_CONFIG_VW,CISADM,CI_XAI_JDBC_CON_L,TABLE
CISADM,CMS_ADMIN_CONFIG_VW,CISADM,CI_XAI_JMS_CON_L,TABLE
CISADM,CMS_ADMIN_CONFIG_VW,CISADM,CI_XAI_JMS_Q_L,TABLE
CISADM,CMS_ADMIN_CONFIG_VW,CISADM,CI_XAI_JMS_TPC_L,TABLE
CISADM,CMS_ADMIN_CONFIG_VW,CISADM,CI_XAI_JNDI_SVR_L,TABLE
CISADM,CMS_ADMIN_CONFIG_VW,CISADM,CI_XAI_RCVR_L,TABLE
CISADM,CMS_ADMIN_CONFIG_VW,CISADM,CI_XAI_RGRP_L,TABLE
CISADM,CMS_ADMIN_CONFIG_VW,CISADM,CI_XAI_RT_TYPE_L,TABLE
CISADM,CMS_ADMIN_CONFIG_VW,CISADM,CI_XAI_SENDER_L,TABLE
CISADM,CMS_ADMIN_CONFIG_VW,CISADM,CI_ZONE_HDL_L,TABLE
CISADM,CMS_ADMIN_CONFIG_VW,CISADM,CI_ZONE_L,TABLE
CISADM,CMS_ADMIN_CONFIG_VW,CISADM,D1_ACTIVITY_TYPE_L,TABLE
CISADM,CMS_ADMIN_CONFIG_VW,CISADM,D1_ADS_TYPE_L,TABLE
CISADM,CMS_ADMIN_CONFIG_VW,CISADM,D1_AGG_GROUP_L,TABLE
CISADM,CMS_ADMIN_CONFIG_VW,CISADM,D1_ATTR_GRP_L,TABLE
CISADM,CMS_ADMIN_CONFIG_VW,CISADM,D1_BILL_CYC_L,TABLE
CISADM,CMS_ADMIN_CONFIG_VW,CISADM,D1_COMMAND_SET_L,TABLE
CISADM,CMS_ADMIN_CONFIG_VW,CISADM,D1_COMM_TYPE_L,TABLE
CISADM,CMS_ADMIN_CONFIG_VW,CISADM,D1_CONS_EXT_TYPE_L,TABLE
CISADM,CMS_ADMIN_CONFIG_VW,CISADM,D1_CONTACT_TYPE_L,TABLE
CISADM,CMS_ADMIN_CONFIG_VW,CISADM,D1_DATA_SRC_L,TABLE
CISADM,CMS_ADMIN_CONFIG_VW,CISADM,D1_DIVISION_L,TABLE
CISADM,CMS_ADMIN_CONFIG_VW,CISADM,D1_DVC_CFG_TYPE_L,TABLE
CISADM,CMS_ADMIN_CONFIG_VW,CISADM,D1_DVC_EVT_TYPE_L,TABLE
CISADM,CMS_ADMIN_CONFIG_VW,CISADM,D1_DVC_TYPE_L,TABLE
CISADM,CMS_ADMIN_CONFIG_VW,CISADM,D1_DYN_OPT_TYPE_L,TABLE
CISADM,CMS_ADMIN_CONFIG_VW,CISADM,D1_EXCP_TYPE_L,TABLE
CISADM,CMS_ADMIN_CONFIG_VW,CISADM,D1_FACTOR_L,TABLE
CISADM,CMS_ADMIN_CONFIG_VW,CISADM,D1_MANUFACTURER_L,TABLE
CISADM,CMS_ADMIN_CONFIG_VW,CISADM,D1_MC_COMPAR_TYPE_L,TABLE
CISADM,CMS_ADMIN_CONFIG_VW,CISADM,D1_MEASR_COMP_SET_L,TABLE
CISADM,CMS_ADMIN_CONFIG_VW,CISADM,D1_MEASR_COMP_TYPE_L,TABLE
CISADM,CMS_ADMIN_CONFIG_VW,CISADM,D1_MKT_CONTRACT_TYPE_L,TABLE
CISADM,CMS_ADMIN_CONFIG_VW,CISADM,D1_MKT_L,TABLE
CISADM,CMS_ADMIN_CONFIG_VW,CISADM,D1_MKT_PRODUCT_SET_L,TABLE
CISADM,CMS_ADMIN_CONFIG_VW,CISADM,D1_MKT_PRODUCT_TYPE_L,TABLE
CISADM,CMS_ADMIN_CONFIG_VW,CISADM,D1_MSRMT_CYC_L,TABLE
CISADM,CMS_ADMIN_CONFIG_VW,CISADM,D1_MSRMT_CYC_RTE_L,TABLE
CISADM,CMS_ADMIN_CONFIG_VW,CISADM,D1_MSRMT_DATA_SNAP_TYPE_L,TABLE
CISADM,CMS_ADMIN_CONFIG_VW,CISADM,D1_MULTI_VAR_FACTOR_L,TABLE
CISADM,CMS_ADMIN_CONFIG_VW,CISADM,D1_PROC_MTHD_L,TABLE
CISADM,CMS_ADMIN_CONFIG_VW,CISADM,D1_PROC_TIMETABLE_TYPE_L,TABLE
CISADM,CMS_ADMIN_CONFIG_VW,CISADM,D1_RULE_L,TABLE
CISADM,CMS_ADMIN_CONFIG_VW,CISADM,D1_SETT_UNIT_L,TABLE
CISADM,CMS_ADMIN_CONFIG_VW,CISADM,D1_SPR_L,TABLE
CISADM,CMS_ADMIN_CONFIG_VW,CISADM,D1_SP_QTY_TYPE_L,TABLE
CISADM,CMS_ADMIN_CONFIG_VW,CISADM,D1_SP_TYPE_L,TABLE
CISADM,CMS_ADMIN_CONFIG_VW,CISADM,D1_SQI_L,TABLE
CISADM,CMS_ADMIN_CONFIG_VW,CISADM,D1_SVC_TYPE_L,TABLE
CISADM,CMS_ADMIN_CONFIG_VW,CISADM,D1_TOU_GRP_L,TABLE
CISADM,CMS_ADMIN_CONFIG_VW,CISADM,D1_TOU_L,TABLE
CISADM,CMS_ADMIN_CONFIG_VW,CISADM,D1_TOU_MAP_L,TABLE
CISADM,CMS_ADMIN_CONFIG_VW,CISADM,D1_TOU_MAP_TMPLT_L,TABLE
CISADM,CMS_ADMIN_CONFIG_VW,CISADM,D1_TOU_MAP_TYPE_L,TABLE
CISADM,CMS_ADMIN_CONFIG_VW,CISADM,D1_UOM_L,TABLE
CISADM,CMS_ADMIN_CONFIG_VW,CISADM,D1_USAGE_EXCP_TYPE_L,TABLE
CISADM,CMS_ADMIN_CONFIG_VW,CISADM,D1_USG_CAL_TYPE_L,TABLE
CISADM,CMS_ADMIN_CONFIG_VW,CISADM,D1_USG_GRP_L,TABLE
CISADM,CMS_ADMIN_CONFIG_VW,CISADM,D1_USG_RULE_ELIG_CRIT_L,TABLE
CISADM,CMS_ADMIN_CONFIG_VW,CISADM,D1_USG_RULE_L,TABLE
CISADM,CMS_ADMIN_CONFIG_VW,CISADM,D1_US_QTY_TYPE_L,TABLE
CISADM,CMS_ADMIN_CONFIG_VW,CISADM,D1_US_TYPE_L,TABLE
CISADM,CMS_ADMIN_CONFIG_VW,CISADM,D1_VEE_ELIG_CRIT_L,TABLE
CISADM,CMS_ADMIN_CONFIG_VW,CISADM,D1_VEE_GRP_L,TABLE
CISADM,CMS_ADMIN_CONFIG_VW,CISADM,D1_VEE_RULE_L,TABLE
CISADM,CMS_ADMIN_CONFIG_VW,CISADM,F1_ACTION_METHOD_L,TABLE
CISADM,CMS_ADMIN_CONFIG_VW,CISADM,F1_BKT_CONFIG_L,TABLE
CISADM,CMS_ADMIN_CONFIG_VW,CISADM,F1_BUS_FLG_TYPE_L,TABLE
CISADM,CMS_ADMIN_CONFIG_VW,CISADM,F1_BUS_OBJ_L,TABLE
CISADM,CMS_ADMIN_CONFIG_VW,CISADM,F1_BUS_OBJ_STATUS_RSN_L,TABLE
CISADM,CMS_ADMIN_CONFIG_VW,CISADM,F1_BUS_SVC_L,TABLE
CISADM,CMS_ADMIN_CONFIG_VW,CISADM,F1_COLOR_OPT_L,TABLE
CISADM,CMS_ADMIN_CONFIG_VW,CISADM,F1_CRYPTO_KEY_RING_L,TABLE
CISADM,CMS_ADMIN_CONFIG_VW,CISADM,F1_CUBE_TYPE_L,TABLE
CISADM,CMS_ADMIN_CONFIG_VW,CISADM,F1_DATA_AREA_L,TABLE
CISADM,CMS_ADMIN_CONFIG_VW,CISADM,F1_DEPLOYMENT_PART_L,TABLE
CISADM,CMS_ADMIN_CONFIG_VW,CISADM,F1_DEPLOYMENT_TYPE_L,TABLE
CISADM,CMS_ADMIN_CONFIG_VW,CISADM,F1_EXT_LOOKUP_VAL_L,TABLE
CISADM,CMS_ADMIN_CONFIG_VW,CISADM,F1_FILE_INT_REC_L,TABLE
CISADM,CMS_ADMIN_CONFIG_VW,CISADM,F1_FILE_INT_TYPE_L,TABLE
CISADM,CMS_ADMIN_CONFIG_VW,CISADM,F1_INSIGHT_GRP_L,TABLE
CISADM,CMS_ADMIN_CONFIG_VW,CISADM,F1_INSIGHT_TYPE_L,TABLE
CISADM,CMS_ADMIN_CONFIG_VW,CISADM,F1_IWS_ANN_L,TABLE
CISADM,CMS_ADMIN_CONFIG_VW,CISADM,F1_IWS_ANN_TYPE_L,TABLE
CISADM,CMS_ADMIN_CONFIG_VW,CISADM,F1_IWS_SVC_L,TABLE
CISADM,CMS_ADMIN_CONFIG_VW,CISADM,F1_IWS_SVC_OPER_L,TABLE
CISADM,CMS_ADMIN_CONFIG_VW,CISADM,F1_MANAG_CONTENT_L,TABLE
CISADM,CMS_ADMIN_CONFIG_VW,CISADM,F1_MAP_L,TABLE
CISADM,CMS_ADMIN_CONFIG_VW,CISADM,F1_MD_BI_TBL_L,TABLE
CISADM,CMS_ADMIN_CONFIG_VW,CISADM,F1_MIGR_PLAN_L,TABLE
CISADM,CMS_ADMIN_CONFIG_VW,CISADM,F1_MIGR_REQ_L,TABLE
CISADM,CMS_ADMIN_CONFIG_VW,CISADM,F1_MKTCFG_L,TABLE
CISADM,CMS_ADMIN_CONFIG_VW,CISADM,F1_MKTMSG_TYPE_L,TABLE
CISADM,CMS_ADMIN_CONFIG_VW,CISADM,F1_MKTPROC_TYPE_L,TABLE
CISADM,CMS_ADMIN_CONFIG_VW,CISADM,F1_MOBILE_COMPONENT_L,TABLE
CISADM,CMS_ADMIN_CONFIG_VW,CISADM,F1_OUTMSG_TYPE_L,TABLE
CISADM,CMS_ADMIN_CONFIG_VW,CISADM,F1_PERF_TGT_L,TABLE
CISADM,CMS_ADMIN_CONFIG_VW,CISADM,F1_PERF_TGT_TYPE_L,TABLE
CISADM,CMS_ADMIN_CONFIG_VW,CISADM,F1_PROC_DEFN_L,TABLE
CISADM,CMS_ADMIN_CONFIG_VW,CISADM,F1_REDACTION_RULE_L,TABLE
CISADM,CMS_ADMIN_CONFIG_VW,CISADM,F1_REQ_TYPE_L,TABLE
CISADM,CMS_ADMIN_CONFIG_VW,CISADM,F1_STATS_L,TABLE
CISADM,CMS_ADMIN_CONFIG_VW,CISADM,F1_SVC_TASK_TYPE_L,TABLE
CISADM,CMS_ADMIN_CONFIG_VW,CISADM,F1_TAG_L,TABLE
CISADM,CMS_ADMIN_CONFIG_VW,CISADM,F1_TREE_L,TABLE
CISADM,CMS_ADMIN_CONFIG_VW,CISADM,F1_WEB_CAT_L,TABLE
CISADM,CMS_ADMIN_CONFIG_VW,CISADM,F1_WEB_SVC_L,TABLE
CISADM,CMS_ADMIN_CONFIG_VW,CISADM,SC_APP_SERVICE_L,TABLE
CISADM,CMS_ADMIN_CONFIG_VW,CISADM,SC_USER_GROUP_L,TABLE
CISADM,CMS_ADMIN_CONFIG_VW,CISADM,W1_ACTIVITY_TYPE_L,TABLE
CISADM,CMS_ADMIN_CONFIG_VW,CISADM,W1_ADJUSTMENT_TYPE_L,TABLE
CISADM,CMS_ADMIN_CONFIG_VW,CISADM,W1_APPROVAL_PROF_L,TABLE
CISADM,CMS_ADMIN_CONFIG_VW,CISADM,W1_ASSESS_CLASS_L,TABLE
CISADM,CMS_ADMIN_CONFIG_VW,CISADM,W1_ASSESS_GRP_L,TABLE
CISADM,CMS_ADMIN_CONFIG_VW,CISADM,W1_ASSET_TYPE_L,TABLE
CISADM,CMS_ADMIN_CONFIG_VW,CISADM,W1_BC_ACCESS_LIST_L,TABLE
CISADM,CMS_ADMIN_CONFIG_VW,CISADM,W1_BKT_CONFIG_L,TABLE
CISADM,CMS_ADMIN_CONFIG_VW,CISADM,W1_BUSINESS_UNIT_L,TABLE
CISADM,CMS_ADMIN_CONFIG_VW,CISADM,W1_BUYER_L,TABLE
CISADM,CMS_ADMIN_CONFIG_VW,CISADM,W1_CALENDAR_L,TABLE
CISADM,CMS_ADMIN_CONFIG_VW,CISADM,W1_CAPABILITY_TYPE_L,TABLE
CISADM,CMS_ADMIN_CONFIG_VW,CISADM,W1_CHANGE_REQ_TYPE_L,TABLE
CISADM,CMS_ADMIN_CONFIG_VW,CISADM,W1_CHILD_SPEC_L,TABLE
CISADM,CMS_ADMIN_CONFIG_VW,CISADM,W1_CHKLST_TYP_L,TABLE
CISADM,CMS_ADMIN_CONFIG_VW,CISADM,W1_CMDTY_CAT_L,TABLE
CISADM,CMS_ADMIN_CONFIG_VW,CISADM,W1_CMDTY_NAME_L,TABLE
CISADM,CMS_ADMIN_CONFIG_VW,CISADM,W1_CMDTY_TYPE_L,TABLE
CISADM,CMS_ADMIN_CONFIG_VW,CISADM,W1_CMPL_EVT_TYPE_L,TABLE
CISADM,CMS_ADMIN_CONFIG_VW,CISADM,W1_COLOR_L,TABLE
CISADM,CMS_ADMIN_CONFIG_VW,CISADM,W1_COMM_TYPE_L,TABLE
CISADM,CMS_ADMIN_CONFIG_VW,CISADM,W1_COMPLIANCE_CAT_L,TABLE
CISADM,CMS_ADMIN_CONFIG_VW,CISADM,W1_COMPLIANCE_TYPE_L,TABLE
CISADM,CMS_ADMIN_CONFIG_VW,CISADM,W1_CONFIG_TYPE_L,TABLE
CISADM,CMS_ADMIN_CONFIG_VW,CISADM,W1_CONTACT_TYPE_L,TABLE
CISADM,CMS_ADMIN_CONFIG_VW,CISADM,W1_COST_CATEGORY_L,TABLE
CISADM,CMS_ADMIN_CONFIG_VW,CISADM,W1_COST_CENTER_L,TABLE
CISADM,CMS_ADMIN_CONFIG_VW,CISADM,W1_CREW_SHIFT_TYPE_L,TABLE
CISADM,CMS_ADMIN_CONFIG_VW,CISADM,W1_CREW_TYPE_L,TABLE
CISADM,CMS_ADMIN_CONFIG_VW,CISADM,W1_CU_CATEGORY_L,TABLE
CISADM,CMS_ADMIN_CONFIG_VW,CISADM,W1_CU_SET_L,TABLE
CISADM,CMS_ADMIN_CONFIG_VW,CISADM,W1_CU_USAGE_L,TABLE
CISADM,CMS_ADMIN_CONFIG_VW,CISADM,W1_DIST_CODE_L,TABLE
CISADM,CMS_ADMIN_CONFIG_VW,CISADM,W1_DOCUMENT_TYPE_L,TABLE
CISADM,CMS_ADMIN_CONFIG_VW,CISADM,W1_EMPLOYEE_TYPE_L,TABLE
CISADM,CMS_ADMIN_CONFIG_VW,CISADM,W1_EQUIP_GROUP_L,TABLE
CISADM,CMS_ADMIN_CONFIG_VW,CISADM,W1_EU_TYPE_L,TABLE
CISADM,CMS_ADMIN_CONFIG_VW,CISADM,W1_EXPENSE_CD_L,TABLE
CISADM,CMS_ADMIN_CONFIG_VW,CISADM,W1_FACTOR_L,TABLE
CISADM,CMS_ADMIN_CONFIG_VW,CISADM,W1_FAILURE_COMP_L,TABLE
CISADM,CMS_ADMIN_CONFIG_VW,CISADM,W1_FAILURE_MODE_L,TABLE
CISADM,CMS_ADMIN_CONFIG_VW,CISADM,W1_FAILURE_PROF_L,TABLE
CISADM,CMS_ADMIN_CONFIG_VW,CISADM,W1_FAILURE_REPAIR_L,TABLE
CISADM,CMS_ADMIN_CONFIG_VW,CISADM,W1_FAILURE_TYPE_L,TABLE
CISADM,CMS_ADMIN_CONFIG_VW,CISADM,W1_FOB_L,TABLE
CISADM,CMS_ADMIN_CONFIG_VW,CISADM,W1_LABOR_EARNING_TYPE_L,TABLE
CISADM,CMS_ADMIN_CONFIG_VW,CISADM,W1_MAINTMGR_L,TABLE
CISADM,CMS_ADMIN_CONFIG_VW,CISADM,W1_MANUFACTURER_L,TABLE
CISADM,CMS_ADMIN_CONFIG_VW,CISADM,W1_MEASUREMENT_TYPE_L,TABLE
CISADM,CMS_ADMIN_CONFIG_VW,CISADM,W1_MEASUREMENT_UOM_L,TABLE
CISADM,CMS_ADMIN_CONFIG_VW,CISADM,W1_NODE_TYPE_L,TABLE
CISADM,CMS_ADMIN_CONFIG_VW,CISADM,W1_OVERHEAD_L,TABLE
CISADM,CMS_ADMIN_CONFIG_VW,CISADM,W1_OVERTIME_TYPE_L,TABLE
CISADM,CMS_ADMIN_CONFIG_VW,CISADM,W1_PAYMENT_TERM_L,TABLE
CISADM,CMS_ADMIN_CONFIG_VW,CISADM,W1_PERMIT_CLASS_L,TABLE
CISADM,CMS_ADMIN_CONFIG_VW,CISADM,W1_PERMIT_TMPL_L,TABLE
CISADM,CMS_ADMIN_CONFIG_VW,CISADM,W1_PLANNER_L,TABLE
CISADM,CMS_ADMIN_CONFIG_VW,CISADM,W1_PROCESS_TYPE_L,TABLE
CISADM,CMS_ADMIN_CONFIG_VW,CISADM,W1_PROJECT_CATEGORY_L,TABLE
CISADM,CMS_ADMIN_CONFIG_VW,CISADM,W1_PROPERTY_UNIT_L,TABLE
CISADM,CMS_ADMIN_CONFIG_VW,CISADM,W1_PURCHASE_CMDTY_L,TABLE
CISADM,CMS_ADMIN_CONFIG_VW,CISADM,W1_QUESTION_L,TABLE
CISADM,CMS_ADMIN_CONFIG_VW,CISADM,W1_RESRC_UOM_L,TABLE
CISADM,CMS_ADMIN_CONFIG_VW,CISADM,W1_SERVICE_AREA_L,TABLE
CISADM,CMS_ADMIN_CONFIG_VW,CISADM,W1_SERVICE_CALL_CATEGORY_L,TABLE
CISADM,CMS_ADMIN_CONFIG_VW,CISADM,W1_SERVICE_CLASS_L,TABLE
CISADM,CMS_ADMIN_CONFIG_VW,CISADM,W1_SERVICE_CODE_L,TABLE
CISADM,CMS_ADMIN_CONFIG_VW,CISADM,W1_SHAPE_L,TABLE
CISADM,CMS_ADMIN_CONFIG_VW,CISADM,W1_SHIP_DEFICIENCY_TYPE_L,TABLE
CISADM,CMS_ADMIN_CONFIG_VW,CISADM,W1_SPECIFICATION_L,TABLE
CISADM,CMS_ADMIN_CONFIG_VW,CISADM,W1_SVC_HIST_TYPE_L,TABLE
CISADM,CMS_ADMIN_CONFIG_VW,CISADM,W1_TAX_RATE_SCHED_L,TABLE
CISADM,CMS_ADMIN_CONFIG_VW,CISADM,W1_TIMEKEEPER_L,TABLE
CISADM,CMS_ADMIN_CONFIG_VW,CISADM,W1_TIME_PERIOD_L,TABLE
CISADM,CMS_ADMIN_CONFIG_VW,CISADM,W1_WARRANTY_TERM_L,TABLE
CISADM,CMS_ADMIN_CONFIG_VW,CISADM,W1_WORK_CAL_L,TABLE
CISADM,CMS_ADMIN_CONFIG_VW,CISADM,W1_WORK_CATEGORY_L,TABLE
CISADM,CMS_ADMIN_CONFIG_VW,CISADM,W1_WORK_CLASS_L,TABLE
CISADM,CMS_C1_PA_RQST_BODA_VW,CISADM,C1_PA_RQST,TABLE
CISADM,CMS_C1_PA_RQST_BODA_VW,CISADM,C1_PA_RQST_REL_OBJ,TABLE
CISADM,CMS_C1_PA_RQST_BODA_VW,PUBLIC,XMLTYPE,SYNONYM
CISADM,CMS_C1_PA_RQST_BODA_VW,SYS,XMLTYPE,TYPE
CISADM,CMS_C1_REPRESENTATIVE_BODA_VW,CISADM,C1_REPRESENTATIVE,TABLE
CISADM,CMS_C1_REPRESENTATIVE_BODA_VW,PUBLIC,XMLTYPE,SYNONYM
CISADM,CMS_C1_REPRESENTATIVE_BODA_VW,PUBLIC,XQSEQUENCE,SYNONYM
CISADM,CMS_C1_REPRESENTATIVE_BODA_VW,SYS,XMLTYPE,TYPE
CISADM,CMS_C1_REPRESENTATIVE_BODA_VW,SYS,XQSEQUENCEFROMXMLTYPE,FUNCTION
CISADM,CMS_CI_APPR_REQ_BODA_VW,CISADM,CI_APPR_REQ,TABLE
CISADM,CMS_CI_APPR_REQ_BODA_VW,PUBLIC,XMLTYPE,SYNONYM
CISADM,CMS_CI_APPR_REQ_BODA_VW,SYS,XMLTYPE,TYPE
CISADM,CMS_CI_CASE_LOG_VW,CISADM,CI_CASE,TABLE
CISADM,CMS_CI_CASE_LOG_VW,CISADM,CI_CASE_LOG,TABLE
CISADM,CMS_CI_CASE_LOG_VW,CISADM,CI_CASE_STATUS,TABLE
CISADM,CMS_CI_CASE_VW,CISADM,CI_CASE,TABLE
CISADM,CMS_CI_CASE_VW,CISADM,CI_CASE_LOG,TABLE
CISADM,CMS_CI_TD_ENTRY_CHAR_VW,CISADM,CI_CHAR_TYPE,TABLE
CISADM,CMS_CI_TD_ENTRY_CHAR_VW,CISADM,CI_FK_REF,TABLE
CISADM,CMS_CI_TD_ENTRY_CHAR_VW,CISADM,CI_TD_ENTRY,TABLE
CISADM,CMS_CI_TD_ENTRY_CHAR_VW,CISADM,CI_TD_ENTRY_CHA,TABLE
CISADM,CMS_D1_ACTIVITY_CHAR_VW,CISADM,D1_ACTIVITY_CHAR,TABLE
CISADM,CMS_D1_ACTIVITY_D1FA_BODA_VW,CISADM,D1_ACTIVITY,TABLE
CISADM,CMS_D1_ACTIVITY_D1FA_BODA_VW,CISADM,D1_ACTIVITY_TYPE,TABLE
CISADM,CMS_D1_ACTIVITY_D1FA_BODA_VW,PUBLIC,XMLTYPE,SYNONYM
CISADM,CMS_D1_ACTIVITY_D1FA_BODA_VW,SYS,XMLTYPE,TYPE
CISADM,CMS_D1_DVC_BODA_VW,CISADM,D1_DVC,TABLE
CISADM,CMS_D1_DVC_BODA_VW,PUBLIC,XMLTYPE,SYNONYM
CISADM,CMS_D1_DVC_BODA_VW,SYS,XMLTYPE,TYPE
CISADM,CMS_D1_DVC_CHAR_VW,CISADM,D1_DVC_CHAR,TABLE
CISADM,CMS_D1_DVC_IDENTIFIER_VW,CISADM,D1_DVC_IDENTIFIER,TABLE
CISADM,CMS_D1_SP_BODA_VW,CISADM,D1_SP,TABLE
CISADM,CMS_D1_SP_BODA_VW,PUBLIC,XMLTYPE,SYNONYM
CISADM,CMS_D1_SP_BODA_VW,SYS,XMLTYPE,TYPE
CISADM,CMS_NON_INVOICED_USAGE_VW,CISADM,D1_DVC_CFG,TABLE
CISADM,CMS_NON_INVOICED_USAGE_VW,CISADM,D1_DVC_IDENTIFIER,TABLE
CISADM,CMS_NON_INVOICED_USAGE_VW,CISADM,D1_MEASR_COMP,TABLE
CISADM,CMS_NON_INVOICED_USAGE_VW,CISADM,D1_MSRMT,TABLE
CISADM,CMS_W1_ASSET_IDENTIFIER_VW,CISADM,W1_ASSET_IDENTIFIER,TABLE
CISADM,D1_ACT_DVC_SP_VW,CISADM,D1_ACTIVITY_REL_OBJ,TABLE
CISADM,D1_ACT_DVC_SP_VW,CISADM,D1_DVC_SP_VW,VIEW
CISADM,D1_BI_DYN_AGG_VW,CISADM,D1_AGG_MSRMT,TABLE
CISADM,D1_BI_DYN_AGG_VW,CISADM,D1_MEASR_COMP_ATTRIBUTES,TABLE
CISADM,D1_BI_DYN_AGG_VW,CISADM,D1_MEASR_COMP_SET_PARTICIPANT,TABLE
CISADM,D1_BI_DYN_AGG_VW,CISADM,D1_MSRMT,TABLE
CISADM,D1_CONTACT_VW,CISADM,CI_TIME_ZONE,TABLE
CISADM,D1_CONTACT_VW,CISADM,D1_CONTACT_NAME,TABLE
CISADM,D1_CONTACT_VW,CISADM,D1_DVC,TABLE
CISADM,D1_CONTACT_VW,CISADM,D1_DVC_CFG,TABLE
CISADM,D1_CONTACT_VW,CISADM,D1_DVC_TYPE,TABLE
CISADM,D1_CONTACT_VW,CISADM,D1_INSTALL_EVT,TABLE
CISADM,D1_CONTACT_VW,CISADM,D1_MC_TYPE_VALUE_IDENTIFIER,TABLE
CISADM,D1_CONTACT_VW,CISADM,D1_MEASR_COMP,TABLE
CISADM,D1_CONTACT_VW,CISADM,D1_SP,TABLE
CISADM,D1_CONTACT_VW,CISADM,D1_US,TABLE
CISADM,D1_CONTACT_VW,CISADM,D1_US_CONTACT,TABLE
CISADM,D1_CONTACT_VW,CISADM,D1_US_SP,TABLE
CISADM,D1_CONTACT_VW,CISADM,F1_INSTALLATION,TABLE
CISADM,D1_CONTACT_VW,PUBLIC,DUAL,SYNONYM
CISADM,D1_DEVICE_VW,CISADM,CI_TIME_ZONE,TABLE
CISADM,D1_DEVICE_VW,CISADM,D1_DVC,TABLE
CISADM,D1_DEVICE_VW,CISADM,D1_DVC_CFG,TABLE
CISADM,D1_DEVICE_VW,CISADM,D1_DVC_TYPE,TABLE
CISADM,D1_DEVICE_VW,CISADM,D1_INSTALL_EVT,TABLE
CISADM,D1_DEVICE_VW,CISADM,D1_MC_TYPE_VALUE_IDENTIFIER,TABLE
CISADM,D1_DEVICE_VW,CISADM,D1_MEASR_COMP,TABLE
CISADM,D1_DEVICE_VW,CISADM,D1_SP,TABLE
CISADM,D1_DEVICE_VW,CISADM,D1_US,TABLE
CISADM,D1_DEVICE_VW,CISADM,D1_US_SP,TABLE
CISADM,D1_DEVICE_VW,CISADM,F1_INSTALLATION,TABLE
CISADM,D1_DEVICE_VW,PUBLIC,DUAL,SYNONYM
CISADM,D1_DVC_SP_VW,CISADM,D1_DVC,TABLE
CISADM,D1_DVC_SP_VW,CISADM,D1_DVC_CFG,TABLE
CISADM,D1_DVC_SP_VW,CISADM,D1_INSTALL_EVT,TABLE
CISADM,D1_DVC_SP_VW,CISADM,D1_MEASR_COMP,TABLE
CISADM,D1_DVC_SP_VW,CISADM,D1_SP,TABLE
CISADM,D1_EXT_US_INT_MDS_CONST_VW,CISADM,CI_TIME_ZONE,TABLE
CISADM,D1_EXT_US_INT_MDS_CONST_VW,CISADM,D1_CONS_EXT_TYPE,TABLE
CISADM,D1_EXT_US_INT_MDS_CONST_VW,CISADM,D1_CONS_EXT_TYPE_MDS_TYPE,TABLE
CISADM,D1_EXT_US_INT_MDS_CONST_VW,CISADM,D1_CONS_EXT_TYPE_US_TYPE,TABLE
CISADM,D1_EXT_US_INT_MDS_CONST_VW,CISADM,D1_DVC_CFG,TABLE
CISADM,D1_EXT_US_INT_MDS_CONST_VW,CISADM,D1_DVC_CFG_TYPE_MC_TYPE,TABLE
CISADM,D1_EXT_US_INT_MDS_CONST_VW,CISADM,D1_DVC_TYPE_CFG_TYPE,TABLE
CISADM,D1_EXT_US_INT_MDS_CONST_VW,CISADM,D1_INSTALL_EVT,TABLE
CISADM,D1_EXT_US_INT_MDS_CONST_VW,CISADM,D1_MC_TYPE_VALUE_IDENTIFIER,TABLE
CISADM,D1_EXT_US_INT_MDS_CONST_VW,CISADM,D1_MEASR_COMP,TABLE
CISADM,D1_EXT_US_INT_MDS_CONST_VW,CISADM,D1_MEASR_COMP_TYPE,TABLE
CISADM,D1_EXT_US_INT_MDS_CONST_VW,CISADM,D1_MSRMT_DATA_SNAP_TYPE,TABLE
CISADM,D1_EXT_US_INT_MDS_CONST_VW,CISADM,D1_SP_TYPE_DEVICE_TYPE,TABLE
CISADM,D1_EXT_US_INT_MDS_CONST_VW,CISADM,D1_UOM,TABLE
CISADM,D1_EXT_US_INT_MDS_CONST_VW,CISADM,D1_US,TABLE
CISADM,D1_EXT_US_INT_MDS_CONST_VW,CISADM,D1_US_SP,TABLE
CISADM,D1_EXT_US_INT_MDS_CONST_VW,CISADM,D1_US_TYPE_VAL_SP_TYPE,TABLE
CISADM,D1_EXT_US_INT_MDS_CONST_VW,CISADM,F1_INSTALLATION,TABLE
CISADM,D1_EXT_US_INT_MDS_CONST_VW,PUBLIC,DUAL,SYNONYM
CISADM,D1_EXT_US_INT_MDS_MSRMTS_VW,CISADM,D1_EXT_US_INT_MDS_CONST_VW,VIEW
CISADM,D1_EXT_US_INT_MDS_MSRMTS_VW,CISADM,D1_INT_SNAP_MAP,TABLE
CISADM,D1_EXT_US_INT_MDS_MSRMTS_VW,CISADM,D1_MSRMT,TABLE
CISADM,D1_EXT_US_INT_MDS_MSRMTS_VW,CISADM,D1_US_IDENTIFIER,TABLE
CISADM,D1_EXT_US_SCLR_MDS_CONST_VW,CISADM,CI_TIME_ZONE,TABLE
CISADM,D1_EXT_US_SCLR_MDS_CONST_VW,CISADM,D1_CONS_EXT_TYPE,TABLE
CISADM,D1_EXT_US_SCLR_MDS_CONST_VW,CISADM,D1_CONS_EXT_TYPE_MDS_TYPE,TABLE
CISADM,D1_EXT_US_SCLR_MDS_CONST_VW,CISADM,D1_CONS_EXT_TYPE_US_TYPE,TABLE
CISADM,D1_EXT_US_SCLR_MDS_CONST_VW,CISADM,D1_DVC_CFG,TABLE
CISADM,D1_EXT_US_SCLR_MDS_CONST_VW,CISADM,D1_DVC_CFG_TYPE_MC_TYPE,TABLE
CISADM,D1_EXT_US_SCLR_MDS_CONST_VW,CISADM,D1_DVC_TYPE_CFG_TYPE,TABLE
CISADM,D1_EXT_US_SCLR_MDS_CONST_VW,CISADM,D1_INSTALL_EVT,TABLE
CISADM,D1_EXT_US_SCLR_MDS_CONST_VW,CISADM,D1_MC_TYPE_VALUE_IDENTIFIER,TABLE
CISADM,D1_EXT_US_SCLR_MDS_CONST_VW,CISADM,D1_MEASR_COMP,TABLE
CISADM,D1_EXT_US_SCLR_MDS_CONST_VW,CISADM,D1_MEASR_COMP_TYPE,TABLE
CISADM,D1_EXT_US_SCLR_MDS_CONST_VW,CISADM,D1_SP_TYPE_DEVICE_TYPE,TABLE
CISADM,D1_EXT_US_SCLR_MDS_CONST_VW,CISADM,D1_UOM,TABLE
CISADM,D1_EXT_US_SCLR_MDS_CONST_VW,CISADM,D1_US,TABLE
CISADM,D1_EXT_US_SCLR_MDS_CONST_VW,CISADM,D1_US_SP,TABLE
CISADM,D1_EXT_US_SCLR_MDS_CONST_VW,CISADM,D1_US_TYPE_VAL_SP_TYPE,TABLE
CISADM,D1_EXT_US_SCLR_MDS_CONST_VW,CISADM,F1_INSTALLATION,TABLE
CISADM,D1_EXT_US_SCLR_MDS_CONST_VW,PUBLIC,DUAL,SYNONYM
CISADM,D1_EXT_US_SCLR_MDS_MSRMTS_VW,CISADM,D1_EXT_US_SCLR_MDS_CONST_VW,VIEW
CISADM,D1_EXT_US_SCLR_MDS_MSRMTS_VW,CISADM,D1_MSRMT,TABLE
CISADM,D1_EXT_US_SCLR_MDS_MSRMTS_VW,CISADM,D1_US_IDENTIFIER,TABLE
CISADM,D1_INBOUND_COMM_VW,CISADM,D1_COMM_IN,TABLE
CISADM,D1_INBOUND_COMM_VW,CISADM,D1_COMM_IN_REL_OBJ,TABLE
CISADM,D1_INBOUND_COMM_VW,CISADM,D1_CONTACT,TABLE
CISADM,D1_INBOUND_COMM_VW,CISADM,D1_CONTACT_NAME,TABLE
CISADM,D1_INBOUND_COMM_VW,CISADM,D1_DVC,TABLE
CISADM,D1_INBOUND_COMM_VW,CISADM,D1_DVC_CFG,TABLE
CISADM,D1_INBOUND_COMM_VW,CISADM,D1_INSTALL_EVT,TABLE
CISADM,D1_INBOUND_COMM_VW,CISADM,D1_SP,TABLE
CISADM,D1_INBOUND_COMM_VW,CISADM,D1_SP_CONTACT,TABLE
CISADM,D1_INBOUND_COMM_VW,CISADM,D1_US_CONTACT,TABLE
CISADM,D1_INBOUND_COMM_VW,CISADM,D1_US_SP,TABLE
CISADM,D1_INI_CONTACT_VW,CISADM,F1_SYNC_REQ_IN,TABLE
CISADM,D1_INI_DOE_VW,CISADM,F1_SYNC_REQ_IN,TABLE
CISADM,D1_INI_DO_VW,CISADM,F1_SYNC_REQ_IN,TABLE
CISADM,D1_INI_DVC_CFG_VW,CISADM,F1_SYNC_REQ_IN,TABLE
CISADM,D1_INI_DVC_VW,CISADM,F1_SYNC_REQ_IN,TABLE
CISADM,D1_INI_IE_VW,CISADM,F1_SYNC_REQ_IN,TABLE
CISADM,D1_INI_MC_VW,CISADM,F1_SYNC_REQ_IN,TABLE
CISADM,D1_INI_SP_VW,CISADM,F1_SYNC_REQ_IN,TABLE
CISADM,D1_INI_US_MKT_PART_VW,CISADM,F1_SYNC_REQ_IN,TABLE
CISADM,D1_INI_US_VW,CISADM,F1_SYNC_REQ_IN,TABLE
CISADM,D1_MEASR_COMP_VW,CISADM,CI_TIME_ZONE,TABLE
CISADM,D1_MEASR_COMP_VW,CISADM,D1_DVC,TABLE
CISADM,D1_MEASR_COMP_VW,CISADM,D1_DVC_CFG,TABLE
CISADM,D1_MEASR_COMP_VW,CISADM,D1_DVC_TYPE,TABLE
CISADM,D1_MEASR_COMP_VW,CISADM,D1_INSTALL_EVT,TABLE
CISADM,D1_MEASR_COMP_VW,CISADM,D1_MC_TYPE_VALUE_IDENTIFIER,TABLE
CISADM,D1_MEASR_COMP_VW,CISADM,D1_MEASR_COMP,TABLE
CISADM,D1_MEASR_COMP_VW,CISADM,D1_SP,TABLE
CISADM,D1_MEASR_COMP_VW,CISADM,D1_US,TABLE
CISADM,D1_MEASR_COMP_VW,CISADM,D1_US_SP,TABLE
CISADM,D1_MEASR_COMP_VW,CISADM,F1_INSTALLATION,TABLE
CISADM,D1_MEASR_COMP_VW,PUBLIC,DUAL,SYNONYM
CISADM,D1_ON_CONTACT_VW,CISADM,D1_CONTACT_IDENTIFIER,TABLE
CISADM,D1_ON_DOE_VW,CISADM,D1_DYN_OPT_EVENT_CHAR,TABLE
CISADM,D1_ON_DO_VW,CISADM,D1_DYN_OPT_CHAR,TABLE
CISADM,D1_ON_DVC_CFG_VW,CISADM,D1_DVC_CFG_CHAR,TABLE
CISADM,D1_ON_DVC_VW,CISADM,D1_DVC_IDENTIFIER,TABLE
CISADM,D1_ON_IE_VW,CISADM,D1_INSTALL_EVT_CHAR,TABLE
CISADM,D1_ON_MC_VW,CISADM,D1_MEASR_COMP_IDENTIFIER,TABLE
CISADM,D1_ON_SP_VW,CISADM,D1_SP_IDENTIFIER,TABLE
CISADM,D1_ON_US_MKT_PART_VW,CISADM,D1_US_MKT_PART_IDENTIFIER,TABLE
CISADM,D1_ON_US_VW,CISADM,D1_US_IDENTIFIER,TABLE
CISADM,D1_OUTBOUND_COMM_VW,CISADM,D1_ACTIVITY_REL_OBJ,TABLE
CISADM,D1_OUTBOUND_COMM_VW,CISADM,D1_COMM_OUT,TABLE
CISADM,D1_OUTBOUND_COMM_VW,CISADM,D1_COMM_OUT_REL_OBJ,TABLE
CISADM,D1_OUTBOUND_COMM_VW,CISADM,D1_CONTACT,TABLE
CISADM,D1_OUTBOUND_COMM_VW,CISADM,D1_CONTACT_NAME,TABLE
CISADM,D1_OUTBOUND_COMM_VW,CISADM,D1_DVC,TABLE
CISADM,D1_OUTBOUND_COMM_VW,CISADM,D1_DVC_CFG,TABLE
CISADM,D1_OUTBOUND_COMM_VW,CISADM,D1_INSTALL_EVT,TABLE
CISADM,D1_OUTBOUND_COMM_VW,CISADM,D1_SP,TABLE
CISADM,D1_OUTBOUND_COMM_VW,CISADM,D1_SP_CONTACT,TABLE
CISADM,D1_OUTBOUND_COMM_VW,CISADM,D1_US_CONTACT,TABLE
CISADM,D1_OUTBOUND_COMM_VW,CISADM,D1_US_SP,TABLE
CISADM,D1_SP_VW,CISADM,CI_TIME_ZONE,TABLE
CISADM,D1_SP_VW,CISADM,D1_DVC,TABLE
CISADM,D1_SP_VW,CISADM,D1_DVC_CFG,TABLE
CISADM,D1_SP_VW,CISADM,D1_DVC_TYPE,TABLE
CISADM,D1_SP_VW,CISADM,D1_INSTALL_EVT,TABLE
CISADM,D1_SP_VW,CISADM,D1_MC_TYPE_VALUE_IDENTIFIER,TABLE
CISADM,D1_SP_VW,CISADM,D1_MEASR_COMP,TABLE
CISADM,D1_SP_VW,CISADM,D1_SP,TABLE
CISADM,D1_SP_VW,CISADM,D1_US,TABLE
CISADM,D1_SP_VW,CISADM,D1_US_SP,TABLE
CISADM,D1_SP_VW,CISADM,F1_INSTALLATION,TABLE
CISADM,D1_SP_VW,PUBLIC,DUAL,SYNONYM
CISADM,D1_US_VW,CISADM,CI_TIME_ZONE,TABLE
CISADM,D1_US_VW,CISADM,D1_DVC,TABLE
CISADM,D1_US_VW,CISADM,D1_DVC_CFG,TABLE
CISADM,D1_US_VW,CISADM,D1_DVC_TYPE,TABLE
CISADM,D1_US_VW,CISADM,D1_INSTALL_EVT,TABLE
CISADM,D1_US_VW,CISADM,D1_MC_TYPE_VALUE_IDENTIFIER,TABLE
CISADM,D1_US_VW,CISADM,D1_MEASR_COMP,TABLE
CISADM,D1_US_VW,CISADM,D1_SP,TABLE
CISADM,D1_US_VW,CISADM,D1_US,TABLE
CISADM,D1_US_VW,CISADM,D1_US_SP,TABLE
CISADM,D1_US_VW,CISADM,F1_INSTALLATION,TABLE
CISADM,D1_US_VW,PUBLIC,DUAL,SYNONYM
CISADM,D2_MEASR_QTY_AGR_MV,CISADM,D1_AGG_MSRMT,TABLE
CISADM,D2_MEASR_QTY_MV,CISADM,CI_LOOKUP_VAL_L,TABLE
CISADM,D2_MEASR_QTY_MV,CISADM,D1_DVC_TYPE_L,TABLE
CISADM,D2_MEASR_QTY_MV,CISADM,D1_MANUFACTURER_L,TABLE
CISADM,D2_MEASR_QTY_MV,CISADM,D1_MEASR_COMP,TABLE
CISADM,D2_MEASR_QTY_MV,CISADM,D1_MEASR_COMP_CHAR,TABLE
CISADM,D2_MEASR_QTY_MV,CISADM,D1_MEASR_COMP_TYPE,TABLE
CISADM,D2_MEASR_QTY_MV,CISADM,D1_MEASR_COMP_TYPE_L,TABLE
CISADM,D2_MEASR_QTY_MV,CISADM,D1_MKT_L,TABLE
CISADM,D2_MEASR_QTY_MV,CISADM,D1_MODEL_L,TABLE
CISADM,D2_MEASR_QTY_MV,CISADM,D1_SPR_L,TABLE
CISADM,D2_MEASR_QTY_MV,CISADM,D1_SVC_TYPE_L,TABLE
CISADM,D2_MEASR_QTY_MV,CISADM,D1_USG_GRP_L,TABLE
CISADM,D2_MEASR_QTY_MV,CISADM,F1_INSTALLATION,TABLE
CISADM,D2_QUALITY_CNT_AGR_MV,CISADM,D1_AGG_MSRMT,TABLE
CISADM,D2_QUALITY_CNT_MV,CISADM,CI_LOOKUP_VAL_L,TABLE
CISADM,D2_QUALITY_CNT_MV,CISADM,D1_DVC_TYPE_L,TABLE
CISADM,D2_QUALITY_CNT_MV,CISADM,D1_MANUFACTURER_L,TABLE
CISADM,D2_QUALITY_CNT_MV,CISADM,D1_MEASR_COMP,TABLE
CISADM,D2_QUALITY_CNT_MV,CISADM,D1_MEASR_COMP_CHAR,TABLE
CISADM,D2_QUALITY_CNT_MV,CISADM,D1_MEASR_COMP_REL,TABLE
CISADM,D2_QUALITY_CNT_MV,CISADM,D1_MEASR_COMP_TYPE,TABLE
CISADM,D2_QUALITY_CNT_MV,CISADM,D1_MEASR_COMP_TYPE_L,TABLE
CISADM,D2_QUALITY_CNT_MV,CISADM,D1_MKT_L,TABLE
CISADM,D2_QUALITY_CNT_MV,CISADM,D1_MODEL_L,TABLE
CISADM,D2_QUALITY_CNT_MV,CISADM,D1_SPR_L,TABLE
CISADM,D2_QUALITY_CNT_MV,CISADM,D1_SVC_TYPE_L,TABLE
CISADM,D2_QUALITY_CNT_MV,CISADM,D1_USG_GRP_L,TABLE
CISADM,D2_QUALITY_CNT_MV,CISADM,F1_INSTALLATION,TABLE
CISADM,D2_TIMELINESS_CNT_MV,CISADM,CI_LOOKUP_VAL_L,TABLE
CISADM,D2_TIMELINESS_CNT_MV,CISADM,D1_DVC_TYPE_L,TABLE
CISADM,D2_TIMELINESS_CNT_MV,CISADM,D1_MANUFACTURER_L,TABLE
CISADM,D2_TIMELINESS_CNT_MV,CISADM,D1_MEASR_COMP,TABLE
CISADM,D2_TIMELINESS_CNT_MV,CISADM,D1_MEASR_COMP_CHAR,TABLE
CISADM,D2_TIMELINESS_CNT_MV,CISADM,D1_MEASR_COMP_REL,TABLE
CISADM,D2_TIMELINESS_CNT_MV,CISADM,D1_MEASR_COMP_TYPE,TABLE
CISADM,D2_TIMELINESS_CNT_MV,CISADM,D1_MEASR_COMP_TYPE_L,TABLE
CISADM,D2_TIMELINESS_CNT_MV,CISADM,D1_MKT_L,TABLE
CISADM,D2_TIMELINESS_CNT_MV,CISADM,D1_MODEL_L,TABLE
CISADM,D2_TIMELINESS_CNT_MV,CISADM,D1_SPR_L,TABLE
CISADM,D2_TIMELINESS_CNT_MV,CISADM,D1_SVC_TYPE_L,TABLE
CISADM,D2_TIMELINESS_CNT_MV,CISADM,D1_USG_GRP_L,TABLE
CISADM,D2_TIMELINESS_CNT_MV,CISADM,F1_INSTALLATION,TABLE
CISADM,D2_TIMELINESS_QTY_MV,CISADM,CI_LOOKUP_VAL_L,TABLE
CISADM,D2_TIMELINESS_QTY_MV,CISADM,D1_DVC_TYPE_L,TABLE
CISADM,D2_TIMELINESS_QTY_MV,CISADM,D1_MANUFACTURER_L,TABLE
CISADM,D2_TIMELINESS_QTY_MV,CISADM,D1_MEASR_COMP,TABLE
CISADM,D2_TIMELINESS_QTY_MV,CISADM,D1_MEASR_COMP_CHAR,TABLE
CISADM,D2_TIMELINESS_QTY_MV,CISADM,D1_MEASR_COMP_REL,TABLE
CISADM,D2_TIMELINESS_QTY_MV,CISADM,D1_MEASR_COMP_TYPE,TABLE
CISADM,D2_TIMELINESS_QTY_MV,CISADM,D1_MEASR_COMP_TYPE_L,TABLE
CISADM,D2_TIMELINESS_QTY_MV,CISADM,D1_MKT_L,TABLE
CISADM,D2_TIMELINESS_QTY_MV,CISADM,D1_MODEL_L,TABLE
CISADM,D2_TIMELINESS_QTY_MV,CISADM,D1_SPR_L,TABLE
CISADM,D2_TIMELINESS_QTY_MV,CISADM,D1_SVC_TYPE_L,TABLE
CISADM,D2_TIMELINESS_QTY_MV,CISADM,D1_USG_GRP_L,TABLE
CISADM,D2_TIMELINESS_QTY_MV,CISADM,F1_INSTALLATION,TABLE
CISADM,D2_TIMELINES_CNT_AGR_MV,CISADM,D1_AGG_MSRMT,TABLE
CISADM,D2_TIMELINES_QTY_AGR_MV,CISADM,D1_AGG_MSRMT,TABLE
CISADM,F1_ATTACHMENT_VW,CISADM,F1_ATTACHMENT,TABLE
CISADM,F1_BATCH_CONF_VW,CISADM,CI_BATCH_RUN,TABLE
CISADM,F1_BATCH_RUN_HIST_VW,CISADM,CI_BATCH_INST,TABLE
CISADM,F1_BATCH_RUN_HIST_VW,CISADM,CI_BATCH_JOB,TABLE
CISADM,F1_BATCH_RUN_HIST_VW,CISADM,CI_BATCH_JOB_PRM,TABLE
CISADM,F1_BATCH_RUN_HIST_VW,CISADM,CI_BATCH_RUN,TABLE
CISADM,F1_BATCH_THD_CAP_VW,CISADM,CI_BATCH_INST,TABLE
CISADM,F1_BATCH_THD_CAP_VW,CISADM,CI_BATCH_JOB,TABLE
CISADM,F1_BATCH_THD_CAP_VW,CISADM,CI_BATCH_JOB_PRM,TABLE
CISADM,F1_BATCH_THD_CAP_VW,CISADM,CI_BATCH_RUN,TABLE
CISADM,F1_BATCH_THD_CAP_VW,PUBLIC,DUAL,SYNONYM
CISADM,F1_BATCH_THD_HIST_VW,CISADM,CI_BATCH_INST,TABLE
CISADM,F1_BATCH_THD_HIST_VW,CISADM,CI_BATCH_JOB,TABLE
CISADM,F1_BATCH_THD_HIST_VW,CISADM,CI_BATCH_JOB_PRM,TABLE
CISADM,F1_BATCH_THD_HIST_VW,CISADM,CI_BATCH_RUN,TABLE
CISADM,F1_BATCH_THD_HIST_VW,CISADM,CI_BATCH_THD,TABLE
CISADM,F1_BATCH_VOL_VW,CISADM,F1_BATCH_THD_HIST_VW,VIEW
CISADM,F1_BO_LIFECYCLE_STATUS_VW,CISADM,F1_BUS_OBJ,TABLE
CISADM,F1_BO_LIFECYCLE_STATUS_VW,CISADM,F1_BUS_OBJ_STATUS,TABLE
CISADM,F1_BO_LIFECYCLE_STATUS_VW,CISADM,F1_BUS_OBJ_STATUS_ALG,TABLE
CISADM,F1_CAL_FISC_PERIOD_D,CISADM,F1_CALENDAR_D,TABLE
CISADM,F1_CAL_FISC_QUARTER_D,CISADM,F1_CALENDAR_D,TABLE
CISADM,F1_CAL_FISC_YEAR_D,CISADM,F1_CALENDAR_D,TABLE
CISADM,F1_CAL_MONTH_D,CISADM,F1_CALENDAR_D,TABLE
CISADM,F1_CAL_QUARTER_D,CISADM,F1_CALENDAR_D,TABLE
CISADM,F1_CAL_WEEK_D,CISADM,F1_CALENDAR_D,TABLE
CISADM,F1_CAL_YEAR_D,CISADM,F1_CALENDAR_D,TABLE
CISADM,F1_LCBO_AUTO_ALG_VW,CISADM,F1_BUS_OBJ,TABLE
CISADM,F1_LCBO_AUTO_ALG_VW,CISADM,F1_BUS_OBJ_STATUS_ALG,TABLE
CISADM,F1_MENU_APP_SVCS_VW,CISADM,CI_MD_MENU_ITEM,TABLE
CISADM,F1_MENU_APP_SVCS_VW,CISADM,CI_MD_MO,TABLE
CISADM,F1_MENU_APP_SVCS_VW,CISADM,CI_MD_MO_OPT,TABLE
CISADM,F1_MENU_APP_SVCS_VW,CISADM,CI_MD_NAV,TABLE
CISADM,F1_MENU_APP_SVCS_VW,CISADM,CI_MD_PRG_COM,TABLE
CISADM,F1_MENU_APP_SVCS_VW,CISADM,CI_MD_PRG_ELEM,TABLE
CISADM,F1_MENU_APP_SVCS_VW,CISADM,CI_MD_PRG_SEC,TABLE
CISADM,F1_MENU_APP_SVCS_VW,CISADM,CI_MD_PRG_TAB,TABLE
CISADM,F1_MENU_APP_SVCS_VW,CISADM,CI_MD_PRG_VAR,TABLE
CISADM,F1_MENU_APP_SVCS_VW,CISADM,CI_MD_SVC,TABLE
CISADM,F1_MENU_APP_SVCS_VW,CISADM,CI_MD_SVC_PRG,TABLE
CISADM,F1_MENU_APP_SVCS_VW,CISADM,CI_NAV_OPT,TABLE
CISADM,F1_MENU_APP_SVCS_VW,CISADM,CI_PORTAL,TABLE
CISADM,F1_MENU_APP_SVCS_VW,CISADM,CI_PORTAL_OPT,TABLE
CISADM,F1_MENU_APP_SVCS_VW,CISADM,CI_PORTAL_ZONE,TABLE
CISADM,F1_MENU_APP_SVCS_VW,CISADM,CI_SCR,TABLE
CISADM,F1_MENU_APP_SVCS_VW,CISADM,CI_ZONE,TABLE
CISADM,F1_MENU_APP_SVCS_VW,CISADM,F1_BUS_OBJ,TABLE
CISADM,F1_MENU_APP_SVCS_VW,CISADM,F1_BUS_OBJ_OPT,TABLE
CISADM,F1_MENU_APP_SVCS_VW,CISADM,SC_APP_SERVICE,TABLE
CISADM,F1_TD_FK_CHAR_ENTRY_VW,CISADM,CI_CHAR_TYPE,TABLE
CISADM,F1_TD_FK_CHAR_ENTRY_VW,CISADM,CI_TD_ENTRY_CHA,TABLE
CISADM,W1_ASSET_CUR_DPOS_VW,CISADM,W1_ASSET_NODE,TABLE
CISADM,W1_BI_ACTIVITY_VW,CISADM,W1_ACTIVITY,TABLE
CISADM,W1_BI_ACTIVITY_VW,CISADM,W1_ACTIVITY_TYPE,TABLE
CISADM,W1_BI_ACTIVITY_VW,CISADM,W1_ACT_RESRC_REQMT,TABLE
CISADM,W1_BI_ACTIVITY_VW,CISADM,W1_CREW_SHIFT,TABLE
CISADM,W1_BI_ACTIVITY_VW,CISADM,W1_CREW_SHIFT_ACT_SCHED,TABLE
CISADM,W1_BI_ACTIVITY_VW,CISADM,W1_MAINT_TRIGGER,TABLE
CISADM,W1_BI_ACTIVITY_VW,CISADM,W1_WO,TABLE
CISADM,W1_BI_ASSETACTCOST_VW,CISADM,W1_ACPT_LINE,TABLE
CISADM,W1_BI_ASSETACTCOST_VW,CISADM,W1_ACTIVITY,TABLE
CISADM,W1_BI_ASSETACTCOST_VW,CISADM,W1_ACTIVITY_ASSET,TABLE
CISADM,W1_BI_ASSETACTCOST_VW,CISADM,W1_ACTIVITY_COST_CENTER,TABLE
CISADM,W1_BI_ASSETACTCOST_VW,CISADM,W1_ACT_RESRC_REQMT,TABLE
CISADM,W1_BI_ASSETACTCOST_VW,CISADM,W1_ASSET,TABLE
CISADM,W1_BI_ASSETACTCOST_VW,CISADM,W1_EXPENSE_CD,TABLE
CISADM,W1_BI_ASSETACTCOST_VW,CISADM,W1_FT,TABLE
CISADM,W1_BI_ASSETACTCOST_VW,CISADM,W1_FT_GL_DTL,TABLE
CISADM,W1_BI_ASSETACTCOST_VW,CISADM,W1_INVOICE_LINE,TABLE
CISADM,W1_BI_ASSETACTCOST_VW,CISADM,W1_MAT_ISS_LINE,TABLE
CISADM,W1_BI_ASSETACTCOST_VW,CISADM,W1_MAT_REQ_LINE,TABLE
CISADM,W1_BI_ASSETACTCOST_VW,CISADM,W1_MAT_RET_LINE,TABLE
CISADM,W1_BI_ASSETACTCOST_VW,CISADM,W1_ODC_DTL,TABLE
CISADM,W1_BI_ASSETACTCOST_VW,CISADM,W1_PO_LINE,TABLE
CISADM,W1_BI_ASSETACTCOST_VW,CISADM,W1_RCPT_LINE,TABLE
CISADM,W1_BI_ASSETACTCOST_VW,CISADM,W1_RESRC_TYPE,TABLE
CISADM,W1_BI_ASSETACTCOST_VW,CISADM,W1_RTN_LINE,TABLE
CISADM,W1_BI_ASSETACTCOST_VW,CISADM,W1_SERVICE_CLASS,TABLE
CISADM,W1_BI_ASSETACTCOST_VW,CISADM,W1_STOCK_ITEM_DTL,TABLE
CISADM,W1_BI_ASSETACTCOST_VW,CISADM,W1_SVC_HIST,TABLE
CISADM,W1_BI_ASSETACTCOST_VW,CISADM,W1_SVC_HIST_TYPE,TABLE
CISADM,W1_BI_ASSETACTCOST_VW,CISADM,W1_TIMESHEET_DETAIL,TABLE
CISADM,W1_BI_ASSETACTCOST_VW,CISADM,W1_WO,TABLE
CISADM,W1_BI_ASSETACTCOST_VW,CISADM,W1_WO_LOG,TABLE
CISADM,W1_BI_ASSETCOST_VW,CISADM,W1_ASSET,TABLE
CISADM,W1_BI_ASSETCOST_VW,CISADM,W1_ASSET_NODE,TABLE
CISADM,W1_BI_ASSETCOST_VW,CISADM,W1_BI_ASSETACTCOST_VW,VIEW
CISADM,W1_BI_ASSET_BN_VW,CISADM,W1_ASSET_IDENTIFIER,TABLE
CISADM,W1_BI_ASSET_SN_VW,CISADM,W1_ASSET_IDENTIFIER,TABLE
CISADM,W1_BI_ASTAVAILDWNTM_VW,CISADM,W1_ACTIVITY,TABLE
CISADM,W1_BI_ASTAVAILDWNTM_VW,CISADM,W1_ACTIVITY_ASSET,TABLE
CISADM,W1_BI_ASTAVAILDWNTM_VW,CISADM,W1_ASSET,TABLE
CISADM,W1_BI_ASTAVAILDWNTM_VW,CISADM,W1_SVC_HIST,TABLE
CISADM,W1_BI_ASTAVAILDWNTM_VW,CISADM,W1_SVC_HIST_CHAR,TABLE
CISADM,W1_BI_ASTAVAILDWNTM_VW,CISADM,W1_SVC_HIST_TYPE,TABLE
CISADM,W1_BI_ASTAVAILDWNTM_VW,CISADM,W1_WO,TABLE
CISADM,W1_BI_ASTAVAILDWNTM_VW,CISADM,W1_WORK_REQ,TABLE
CISADM,W1_BI_ASTAVAILDWNTM_VW,CISADM,W1_WO_LOG,TABLE
CISADM,W1_BI_ASTAVAILWO_VW,CISADM,W1_ACTIVITY,TABLE
CISADM,W1_BI_ASTAVAILWO_VW,CISADM,W1_ACTIVITY_ASSET,TABLE
CISADM,W1_BI_ASTAVAILWO_VW,CISADM,W1_ASSET,TABLE
CISADM,W1_BI_ASTAVAILWO_VW,CISADM,W1_ASSET_TYPE,TABLE
CISADM,W1_BI_ASTAVAILWO_VW,CISADM,W1_SVC_HIST,TABLE
CISADM,W1_BI_ASTAVAILWO_VW,CISADM,W1_SVC_HIST_TYPE,TABLE
CISADM,W1_BI_ASTAVAILWO_VW,CISADM,W1_WO,TABLE
CISADM,W1_BI_ASTAVAILWO_VW,CISADM,W1_WORK_REQ,TABLE
CISADM,W1_BI_FORECASTEDACTHOURS_VW,CISADM,W1_ACTIVITY,TABLE
CISADM,W1_BI_FORECASTEDACTHOURS_VW,CISADM,W1_ACTIVITY_TYPE,TABLE
CISADM,W1_BI_FORECASTEDACTHOURS_VW,CISADM,W1_ACT_RESRC_REQMT,TABLE
CISADM,W1_BI_FORECASTEDACTHOURS_VW,CISADM,W1_CREW_SHIFT,TABLE
CISADM,W1_BI_FORECASTEDACTHOURS_VW,CISADM,W1_CREW_SHIFT_ACT_SCHED,TABLE
CISADM,W1_BI_FORECASTEDACTHOURS_VW,CISADM,W1_RESRC_TYPE,TABLE
CISADM,W1_BI_FORECASTEDACTHOURS_VW,CISADM,W1_TIMESHEET_DETAIL,TABLE
CISADM,W1_BI_FORECASTEDACTHOURS_VW,CISADM,W1_WO,TABLE
CISADM,W1_BI_FORECASTEDASSETPMCOST_VW,CISADM,W1_ASSET,TABLE
CISADM,W1_BI_FORECASTEDASSETPMCOST_VW,CISADM,W1_ASSET_MAINT_TRIGGER_FCST,TABLE
CISADM,W1_BI_FORECASTEDASSETPMCOST_VW,CISADM,W1_ASSET_NODE,TABLE
CISADM,W1_BI_FORECASTEDASSETPMCOST_VW,CISADM,W1_ASSET_TYPE,TABLE
CISADM,W1_BI_FORECASTEDASSETPMCOST_VW,CISADM,W1_MAINT_TRIGGER,TABLE
CISADM,W1_BI_FORECASTEDASSETPMCOST_VW,CISADM,W1_RESRC_TYPE,TABLE
CISADM,W1_BI_FORECASTEDASSETPMCOST_VW,CISADM,W1_TMPL_ACT,TABLE
CISADM,W1_BI_FORECASTEDASSETPMCOST_VW,CISADM,W1_TMPL_ACT_COST_DIST,TABLE
CISADM,W1_BI_FORECASTEDASSETPMCOST_VW,CISADM,W1_TMPL_ACT_RSRC,TABLE
CISADM,W1_BI_FORECASTEDASSETPMCOST_VW,CISADM,W1_TMPL_WO,TABLE
CISADM,W1_BI_FORECASTEDASSETPMHRS_VW,CISADM,W1_ASSET,TABLE
CISADM,W1_BI_FORECASTEDASSETPMHRS_VW,CISADM,W1_ASSET_MAINT_TRIGGER_FCST,TABLE
CISADM,W1_BI_FORECASTEDASSETPMHRS_VW,CISADM,W1_ASSET_NODE,TABLE
CISADM,W1_BI_FORECASTEDASSETPMHRS_VW,CISADM,W1_ASSET_TYPE,TABLE
CISADM,W1_BI_FORECASTEDASSETPMHRS_VW,CISADM,W1_MAINT_TRIGGER,TABLE
CISADM,W1_BI_FORECASTEDASSETPMHRS_VW,CISADM,W1_RESRC_TYPE,TABLE
CISADM,W1_BI_FORECASTEDASSETPMHRS_VW,CISADM,W1_TMPL_ACT,TABLE
CISADM,W1_BI_FORECASTEDASSETPMHRS_VW,CISADM,W1_TMPL_ACT_COST_DIST,TABLE
CISADM,W1_BI_FORECASTEDASSETPMHRS_VW,CISADM,W1_TMPL_ACT_RSRC,TABLE
CISADM,W1_BI_FORECASTEDASSETPMHRS_VW,CISADM,W1_TMPL_WO,TABLE
CISADM,W1_BI_LABORHOURS_VW,CISADM,W1_ACTIVITY,TABLE
CISADM,W1_BI_LABORHOURS_VW,CISADM,W1_ACTIVITY_ASSET,TABLE
CISADM,W1_BI_LABORHOURS_VW,CISADM,W1_ACTIVITY_TYPE,TABLE
CISADM,W1_BI_LABORHOURS_VW,CISADM,W1_EXPENSE_CD,TABLE
CISADM,W1_BI_LABORHOURS_VW,CISADM,W1_FT,TABLE
CISADM,W1_BI_LABORHOURS_VW,CISADM,W1_FT_GL_DTL,TABLE
CISADM,W1_BI_LABORHOURS_VW,CISADM,W1_RESRC_TYPE,TABLE
CISADM,W1_BI_LABORHOURS_VW,CISADM,W1_TIMESHEET_DETAIL,TABLE
CISADM,W1_BI_LABORHOURS_VW,CISADM,W1_TIMSHEETDTL_COST_CTR,TABLE
CISADM,W1_BI_LABORHOURS_VW,CISADM,W1_WO,TABLE
CISADM,W1_BI_NODE_HIERARCHY_VW,CISADM,W1_NODE,TABLE
CISADM,W1_BI_SERVICEHISTORY_VW,CISADM,W1_ACTIVITY,TABLE
CISADM,W1_BI_SERVICEHISTORY_VW,CISADM,W1_ASSET,TABLE
CISADM,W1_BI_SERVICEHISTORY_VW,CISADM,W1_SVC_HIST,TABLE
CISADM,W1_BI_SERVICEHISTORY_VW,CISADM,W1_SVC_HIST_TYPE,TABLE
CISADM,W1_BI_SPECIFICATION_MODEL_VW,CISADM,W1_SPECIFICATION_IDENTIFIER,TABLE
CISADM,W1_BI_STOCK_ITEM_DTLS_F_VW,CISADM,W1_ASSET,TABLE
CISADM,W1_BI_STOCK_ITEM_DTLS_F_VW,CISADM,W1_ASSET_NODE,TABLE
CISADM,W1_BI_STOCK_ITEM_DTLS_F_VW,CISADM,W1_MAT_RET_LINE,TABLE
CISADM,W1_BI_STOCK_ITEM_DTLS_F_VW,CISADM,W1_RESRC_TYPE,TABLE
CISADM,W1_BI_STOCK_ITEM_DTLS_F_VW,CISADM,W1_SPECIFICATION,TABLE
CISADM,W1_BI_STOCK_ITEM_DTLS_F_VW,CISADM,W1_STOCK_ITEM_DTL,TABLE
CISADM,W1_BI_STOCK_ITEM_DTLS_F_VW,CISADM,W1_STOCK_TRANS,TABLE
CISADM,W1_BI_STOCK_ITEM_DTL_VW,CISADM,W1_RESRC_TYPE_MFR,TABLE
CISADM,W1_BI_STOCK_ITEM_DTL_VW,CISADM,W1_STOCK_ITEM_DTL,TABLE
CISADM,W1_BI_STOCK_ITEM_DTL_VW,CISADM,W1_STOCK_ITEM_DTL_BIN,TABLE
CISADM,W1_BI_STOCK_ITEM_DTL_VW,CISADM,W1_STOCK_ITEM_DTL_VENDOR_LOC,TABLE
CISADM,W1_BI_STOCK_ITEM_VW,CISADM,W1_RESRC_TYPE,TABLE
CISADM,W1_BI_STOCK_ITEM_VW,CISADM,W1_RESRC_TYPE_IDENTIFIER,TABLE
CISADM,W1_BI_STOCK_ITEM_VW,CISADM,W1_RESRC_TYPE_L,TABLE
CISADM,W1_BI_STOCK_TRANS_VW,CISADM,W1_STOCK_ITEM_DTL,TABLE
CISADM,W1_BI_STOCK_TRANS_VW,CISADM,W1_STOCK_TRANS,TABLE
CISADM,W1_BI_STOREROOM_VW,CISADM,W1_NODE,TABLE
CISADM,W1_BI_STOREROOM_VW,CISADM,W1_NODE_CONTACT,TABLE
CISADM,W1_BI_STOREROOM_VW,CISADM,W1_NODE_TYPE,TABLE
CISADM,W1_BI_WO_FINISHDT_VW,CISADM,W1_WO_LOG,TABLE
CISADM,W1_BI_WO_VW,CISADM,W1_ACTIVITY,TABLE
CISADM,W1_BI_WO_VW,CISADM,W1_WO,TABLE
CISADM,W1_BI_WO_VW,CISADM,W1_WORK_REQ,TABLE
CISADM,W1_BI_WO_VW,CISADM,W1_WO_LOG,TABLE
CISADM,W1_INI_ACTIVITY_VW,CISADM,F1_SYNC_REQ_IN,TABLE
CISADM,W1_INI_ASSET_VW,CISADM,F1_SYNC_REQ_IN,TABLE
CISADM,W1_INI_CONTACT_VW,CISADM,F1_SYNC_REQ_IN,TABLE
CISADM,W1_INI_COST_CENTER_VW,CISADM,F1_SYNC_REQ_IN,TABLE
CISADM,W1_INI_EXPENSE_CODE_VW,CISADM,F1_SYNC_REQ_IN,TABLE
CISADM,W1_INI_MAINT_SCHEDULE_VW,CISADM,F1_SYNC_REQ_IN,TABLE
CISADM,W1_INI_NODE_VW,CISADM,F1_SYNC_REQ_IN,TABLE
CISADM,W1_INI_PLANNER_VW,CISADM,F1_SYNC_REQ_IN,TABLE
CISADM,W1_INI_PROJECT_VW,CISADM,F1_SYNC_REQ_IN,TABLE
CISADM,W1_INI_TML_ACTIVITY_VW,CISADM,F1_SYNC_REQ_IN,TABLE
CISADM,W1_INI_TML_WORK_ORDER_VW,CISADM,F1_SYNC_REQ_IN,TABLE
CISADM,W1_INI_WORK_LOCATION_VW,CISADM,F1_SYNC_REQ_IN,TABLE
CISADM,W1_INI_WORK_ORDER_VW,CISADM,F1_SYNC_REQ_IN,TABLE
CISADM,W1_ON_ASSET_VW,CISADM,W1_ASSET_IDENTIFIER,TABLE
CISADM,W1_ON_BLANKET_CONTRACT_LINE_VW,CISADM,W1_BC_LINE_CHAR,TABLE
CISADM,W1_ON_BLANKET_CONTRACT_VW,CISADM,W1_BC_HEADER_IDENTIFIER,TABLE
CISADM,W1_ON_CONTACT_VW,CISADM,W1_CONTACT_IDENTIFIER,TABLE
CISADM,W1_ON_COST_CENTER_VW,CISADM,W1_COST_CENTER_IDENTIFIER,TABLE
CISADM,W1_ON_CRAFT_VW,CISADM,W1_RESRC_TYPE,TABLE
CISADM,W1_ON_CRAFT_VW,CISADM,W1_RESRC_TYPE_IDENTIFIER,TABLE
CISADM,W1_ON_EMPLOYEE_VW,CISADM,W1_EMPLOYEE_IDENTIFIER,TABLE
CISADM,W1_ON_EU_VW,CISADM,W1_EU_IDENTIFIER,TABLE
CISADM,W1_ON_FINANCIAL_TRANS_VW,CISADM,W1_FT_CHAR,TABLE
CISADM,W1_ON_INVOICE_LINE_VW,CISADM,W1_INVOICE_LINE_CHAR,TABLE
CISADM,W1_ON_INVOICE_VW,CISADM,W1_INVOICE_HEADER_IDENTIFIER,TABLE
CISADM,W1_ON_MATERIAL_ISSUE_VW,CISADM,W1_MAT_ISS_LINE_CHAR,TABLE
CISADM,W1_ON_MATERIAL_RETURN_LINE_VW,CISADM,W1_MAT_RET_LINE_CHAR,TABLE
CISADM,W1_ON_MATERIAL_RETURN_VW,CISADM,W1_MAT_RET_HEADER_CHAR,TABLE
CISADM,W1_ON_NODE_VW,CISADM,W1_NODE_IDENTIFIER,TABLE
CISADM,W1_ON_PURCHASE_ORDER_LINE_VW,CISADM,W1_PO_LINE_CHAR,TABLE
CISADM,W1_ON_PURCHASE_ORDER_VW,CISADM,W1_PO_HEADER_IDENTIFIER,TABLE
CISADM,W1_ON_RECEIPT_LINE_VW,CISADM,W1_RCPT_LINE_CHAR,TABLE
CISADM,W1_ON_RECEIPT_VW,CISADM,W1_RCPT_HDR_IDENTIFIER,TABLE
CISADM,W1_ON_RETURN_LINE_VW,CISADM,W1_RTN_LINE_CHAR,TABLE
CISADM,W1_ON_STOCK_ITEM_DTL_VW,CISADM,W1_STOCK_ITEM_DTL_IDENTIFIER,TABLE
CISADM,W1_ON_STOCK_ITEM_VW,CISADM,W1_RESRC_TYPE_IDENTIFIER,TABLE
CISADM,W1_ON_STOCK_TRANS_VW,CISADM,W1_STOCK_TRANS_CHAR,TABLE
CISADM,W1_ON_VENDOR_LOC_VW,CISADM,W1_VENDOR_LOC_IDENTIFIER,TABLE
CISADM,W1_PARENT_ORG_VW,CISADM,W1_NODE,TABLE
CISADM,W1_PARENT_ORG_VW,CISADM,W1_NODE_TYPE,TABLE
CISADM,X1_BI_ACTIVITY_VW,CISADM,CI_ACCT_PER,TABLE
CISADM,X1_BI_ACTIVITY_VW,CISADM,CI_SA,TABLE
CISADM,X1_BI_ACTIVITY_VW,CISADM,CI_SA_SP,TABLE
CISADM,X1_BI_ACTIVITY_VW,CISADM,CI_SP,TABLE
CISADM,X1_BI_ACTIVITY_VW,CISADM,D1_ACTIVITY,TABLE
CISADM,X1_BI_ACTIVITY_VW,CISADM,D1_ACTIVITY_REL_OBJ,TABLE
CISADM,X1_BI_ACTIVITY_VW,CISADM,D1_ACTIVITY_TYPE,TABLE
CISADM,X1_BI_ACTIVITY_VW,CISADM,D1_DVC_CFG,TABLE
CISADM,X1_BI_ACTIVITY_VW,CISADM,D1_INSTALL_EVT,TABLE
CISADM,X1_BI_ACTIVITY_VW,CISADM,D1_SP,TABLE
CISADM,X1_BI_ACTIVITY_VW,CISADM,D1_SP_FACILITY,TABLE
CISADM,X1_BI_ACTIVITY_VW,CISADM,D1_SP_IDENTIFIER,TABLE
CISADM,X1_BI_ACTIVITY_VW,CISADM,F1_BUS_OBJ,TABLE
CISADM,X1_BI_ACTIVITY_VW,CISADM,F1_BUS_OBJ_STATUS,TABLE
CISADM,X1_BI_CASE_LOG_VW,CISADM,CI_CASE,TABLE
CISADM,X1_BI_CASE_LOG_VW,CISADM,CI_CASE_LOG,TABLE
CISADM,X1_BI_CASE_LOG_VW,CISADM,CI_CASE_STATUS,TABLE
CISADM,X1_BI_CASE_VW,CISADM,CI_CASE,TABLE
CISADM,X1_BI_CASE_VW,CISADM,CI_CASE_LOG,TABLE
CISADM,X1_BI_DVC_EVT_VW,CISADM,CI_ACCT_PER,TABLE
CISADM,X1_BI_DVC_EVT_VW,CISADM,CI_SA,TABLE
CISADM,X1_BI_DVC_EVT_VW,CISADM,CI_SA_SP,TABLE
CISADM,X1_BI_DVC_EVT_VW,CISADM,CI_SP,TABLE
CISADM,X1_BI_DVC_EVT_VW,CISADM,D1_DVC_CFG,TABLE
CISADM,X1_BI_DVC_EVT_VW,CISADM,D1_DVC_EVT,TABLE
CISADM,X1_BI_DVC_EVT_VW,CISADM,D1_INSTALL_EVT,TABLE
CISADM,X1_BI_DVC_EVT_VW,CISADM,D1_SP_IDENTIFIER,TABLE
CISADM,X1_BI_DVC_INFO_VW,CISADM,D1_DVC,TABLE
CISADM,X1_BI_DVC_INFO_VW,CISADM,D1_DVC_IDENTIFIER,TABLE
CISADM,X1_BI_TD_ENTRY_VW,CISADM,CI_CHAR_TYPE,TABLE
CISADM,X1_BI_TD_ENTRY_VW,CISADM,CI_FK_REF,TABLE
CISADM,X1_BI_TD_ENTRY_VW,CISADM,CI_TD_ENTRY,TABLE
CISADM,X1_BI_TD_ENTRY_VW,CISADM,CI_TD_ENTRY_CHA,TABLE
CISADM,X1_BI_USG_EXCEPTION_VW,CISADM,CI_ACCT_PER,TABLE
CISADM,X1_BI_USG_EXCEPTION_VW,CISADM,CI_BILL_CYC,TABLE
CISADM,X1_BI_USG_EXCEPTION_VW,CISADM,CI_CIS_DIVISION_L,TABLE
CISADM,X1_BI_USG_EXCEPTION_VW,CISADM,CI_MSG_L,TABLE
CISADM,X1_BI_USG_EXCEPTION_VW,CISADM,CI_SA,TABLE
CISADM,X1_BI_USG_EXCEPTION_VW,CISADM,CI_SA_SP,TABLE
CISADM,X1_BI_USG_EXCEPTION_VW,CISADM,CI_SP,TABLE
CISADM,X1_BI_USG_EXCEPTION_VW,CISADM,D1_CONTACT_NAME,TABLE
CISADM,X1_BI_USG_EXCEPTION_VW,CISADM,D1_MSRMT_CYC_BILL_CYC,TABLE
CISADM,X1_BI_USG_EXCEPTION_VW,CISADM,D1_SP,TABLE
CISADM,X1_BI_USG_EXCEPTION_VW,CISADM,D1_SP_IDENTIFIER,TABLE
CISADM,X1_BI_USG_EXCEPTION_VW,CISADM,D1_USAGE,TABLE
CISADM,X1_BI_USG_EXCEPTION_VW,CISADM,D1_USAGE_EXCP,TABLE
CISADM,X1_BI_USG_EXCEPTION_VW,CISADM,D1_US_CONTACT,TABLE
CISADM,X1_BI_USG_EXCEPTION_VW,CISADM,D1_US_SP,TABLE
CISADM,X1_BI_VEE_EXCEPTION_VW,CISADM,CI_ACCT_PER,TABLE
CISADM,X1_BI_VEE_EXCEPTION_VW,CISADM,CI_SA,TABLE
CISADM,X1_BI_VEE_EXCEPTION_VW,CISADM,CI_SA_SP,TABLE
CISADM,X1_BI_VEE_EXCEPTION_VW,CISADM,CI_SP,TABLE
CISADM,X1_BI_VEE_EXCEPTION_VW,CISADM,D1_CONTACT_NAME,TABLE
CISADM,X1_BI_VEE_EXCEPTION_VW,CISADM,D1_DVC,TABLE
CISADM,X1_BI_VEE_EXCEPTION_VW,CISADM,D1_DVC_CFG,TABLE
CISADM,X1_BI_VEE_EXCEPTION_VW,CISADM,D1_IMD_CTRL,TABLE
CISADM,X1_BI_VEE_EXCEPTION_VW,CISADM,D1_INSTALL_EVT,TABLE
CISADM,X1_BI_VEE_EXCEPTION_VW,CISADM,D1_MEASR_COMP,TABLE
CISADM,X1_BI_VEE_EXCEPTION_VW,CISADM,D1_MSRMT_CYC_BILL_CYC,TABLE
CISADM,X1_BI_VEE_EXCEPTION_VW,CISADM,D1_SP,TABLE
CISADM,X1_BI_VEE_EXCEPTION_VW,CISADM,D1_SP_IDENTIFIER,TABLE
CISADM,X1_BI_VEE_EXCEPTION_VW,CISADM,D1_US_CONTACT,TABLE
CISADM,X1_BI_VEE_EXCEPTION_VW,CISADM,D1_US_SP,TABLE
CISADM,X1_BI_VEE_EXCEPTION_VW,CISADM,D1_VEE_EXCP,TABLE
