section,domain_name,Billed_Usage_Snapshot___Domain
section,workstream,Billing and Rates

PHYSICAL_TABLES
domain_table_alias,physical_table
BSEG_BILLED_USAGE_RPT_CURR,BSEG_BILLED_USAGE_RPT_CURR

JOIN_TREE
join_tree,join_sequence,join_type,left_table,right_table,join_expression
BSEG_BILLED_USAGE_RPT_CURR,1,single_table,BSEG_BILLED_USAGE_RPT_CURR,,Single-table domain on BSEG_BILLED_USAGE_RPT_CURR

EXPOSED_FIELDS
item_group_label,field_label,source_table,source_column,dimension_or_measure,default_aggregation
Customer And Service,Customer Name,BSEG_BILLED_USAGE_RPT_CURR,CUSTOMER_NAME,,
Customer And Service,Account ID,BSEG_BILLED_USAGE_RPT_CURR,ACCT_ID,,
Customer And Service,Service Agreement ID,BSEG_BILLED_USAGE_RPT_CURR,SA_ID,,
Customer And Service,Service Type,BSEG_BILLED_USAGE_RPT_CURR,SA_TYPE_DESC,,
Customer And Service,Service Type Code,BSEG_BILLED_USAGE_RPT_CURR,SA_TYPE_CD,,
Customer And Service,Utility / Service Category Code,BSEG_BILLED_USAGE_RPT_CURR,UTILITY_TYPE_CD,,
Customer And Service,Premise ID,BSEG_BILLED_USAGE_RPT_CURR,PREM_ID,,
Billing Context,Bill ID,BSEG_BILLED_USAGE_RPT_CURR,BILL_ID,,
Billing Context,Bill Segment ID,BSEG_BILLED_USAGE_RPT_CURR,BSEG_ID,,
Billing Context,Bill Date,BSEG_BILLED_USAGE_RPT_CURR,BILL_DT,,
Billing Context,Due Date,BSEG_BILLED_USAGE_RPT_CURR,DUE_DT,,
Billing Context,Bill Segment Start Date,BSEG_BILLED_USAGE_RPT_CURR,BSEG_START_DT,,
Billing Context,Bill Segment End Date,BSEG_BILLED_USAGE_RPT_CURR,BSEG_END_DT,,
Billing Context,Window Start Date,BSEG_BILLED_USAGE_RPT_CURR,WIN_START_DT,,
Billing Context,Bill Status,BSEG_BILLED_USAGE_RPT_CURR,BILL_STAT_DESC,,
Billing Context,Bill Status Code,BSEG_BILLED_USAGE_RPT_CURR,BILL_STAT_FLG,,
Billing Context,Bill Segment Status,BSEG_BILLED_USAGE_RPT_CURR,BSEG_STAT_DESC,,
Billing Context,Bill Segment Status Code,BSEG_BILLED_USAGE_RPT_CURR,BSEG_STAT_FLG,,
Billing Context,Bill Cycle,BSEG_BILLED_USAGE_RPT_CURR,BILL_BILL_CYC_DESC,,
Billing Context,Bill Cycle Code,BSEG_BILLED_USAGE_RPT_CURR,BILL_BILL_CYC_CD,,
Billing Context,Bill Segment Cycle,BSEG_BILLED_USAGE_RPT_CURR,BSEG_BILL_CYC_DESC,,
Billing Context,Bill Segment Cycle Code,BSEG_BILLED_USAGE_RPT_CURR,BSEG_BILL_CYC_CD,,
Usage And Billed Amount,Total Billed Usage,BSEG_BILLED_USAGE_RPT_CURR,TOTAL_BILL_SQ,,
Usage And Billed Amount,Total Billed Amount,BSEG_BILLED_USAGE_RPT_CURR,TOTAL_CALC_AMT,,
Usage And Billed Amount,Total Initial Usage,BSEG_BILLED_USAGE_RPT_CURR,TOTAL_INIT_SQ,,
Usage And Billed Amount,Total Measured Quantity,BSEG_BILLED_USAGE_RPT_CURR,TOTAL_MSR_QTY,,
Usage And Billed Amount,Total Final Register Quantity,BSEG_BILLED_USAGE_RPT_CURR,TOTAL_FINAL_REG_QTY,,
Usage And Billed Amount,Service Quantity Line Count,BSEG_BILLED_USAGE_RPT_CURR,SQ_LINE_COUNT,,
Usage And Billed Amount,Calculation Header Count,BSEG_BILLED_USAGE_RPT_CURR,CALC_HEADER_COUNT,,
Usage And Billed Amount,Read Line Count,BSEG_BILLED_USAGE_RPT_CURR,READ_LINE_COUNT,,
Usage And Billed Amount,Determinant Count,BSEG_BILLED_USAGE_RPT_CURR,DETERMINANT_COUNT,,
Determinant Detail,Unit Of Measure,BSEG_BILLED_USAGE_RPT_CURR,SOLE_UOM_DESC,,
Determinant Detail,Unit Of Measure Code,BSEG_BILLED_USAGE_RPT_CURR,SOLE_UOM_CD,,
Determinant Detail,Time Of Use,BSEG_BILLED_USAGE_RPT_CURR,SOLE_TOU_DESC,,
Determinant Detail,Time Of Use Code,BSEG_BILLED_USAGE_RPT_CURR,SOLE_TOU_CD,,
Determinant Detail,Service Quantity Identifier,BSEG_BILLED_USAGE_RPT_CURR,SOLE_SQI_DESC,,
Determinant Detail,Service Quantity Identifier Code,BSEG_BILLED_USAGE_RPT_CURR,SOLE_SQI_CD,,
Determinant Detail,Rate Schedule,BSEG_BILLED_USAGE_RPT_CURR,SOLE_RS_DESC,,
Determinant Detail,Rate Schedule Code,BSEG_BILLED_USAGE_RPT_CURR,SOLE_RS_CD,,
Determinant Detail,Rate Schedule Count,BSEG_BILLED_USAGE_RPT_CURR,RS_COUNT,,
Account Segmentation,Customer Class,BSEG_BILLED_USAGE_RPT_CURR,CUST_CL_DESC,,
Account Segmentation,Customer Class Code,BSEG_BILLED_USAGE_RPT_CURR,CUST_CL_CD,,
Account Segmentation,Collection Class,BSEG_BILLED_USAGE_RPT_CURR,COLL_CL_DESC,,
Account Segmentation,Collection Class Code,BSEG_BILLED_USAGE_RPT_CURR,COLL_CL_CD,,
Account Segmentation,Account Management Group,BSEG_BILLED_USAGE_RPT_CURR,ACCT_MGMT_GRP_DESC,,
Account Segmentation,Account Management Group Code,BSEG_BILLED_USAGE_RPT_CURR,ACCT_MGMT_GRP_CD,,
Account Segmentation,Budget Plan,BSEG_BILLED_USAGE_RPT_CURR,BUD_PLAN_DESC,,
Account Segmentation,Budget Plan Code,BSEG_BILLED_USAGE_RPT_CURR,BUD_PLAN_CD,,
Read And Calculation Timing,First Read Start Date Time,BSEG_BILLED_USAGE_RPT_CURR,MIN_START_READ_DTTM,,
Read And Calculation Timing,Last Read End Date Time,BSEG_BILLED_USAGE_RPT_CURR,MAX_END_READ_DTTM,,
Read And Calculation Timing,First Calculation Effective Date,BSEG_BILLED_USAGE_RPT_CURR,MIN_CALC_EFFDT,,
Read And Calculation Timing,Last Calculation Effective Date,BSEG_BILLED_USAGE_RPT_CURR,MAX_CALC_EFFDT,,
Flags And Exceptions,Estimated Segment,BSEG_BILLED_USAGE_RPT_CURR,EST_SW,,
Flags And Exceptions,Closing Bill Segment,BSEG_BILLED_USAGE_RPT_CURR,CLOSING_BSEG_SW,,
Flags And Exceptions,Service Quantity Override,BSEG_BILLED_USAGE_RPT_CURR,SQ_OVERRIDE_SW,,
Flags And Exceptions,Item Override,BSEG_BILLED_USAGE_RPT_CURR,ITEM_OVERRIDE_SW,,
Flags And Exceptions,Cancel Reason,BSEG_BILLED_USAGE_RPT_CURR,CAN_RSN_DESC,,
Flags And Exceptions,Cancel Reason Code,BSEG_BILLED_USAGE_RPT_CURR,CAN_RSN_CD,,
Flags And Exceptions,Rebill Segment ID,BSEG_BILLED_USAGE_RPT_CURR,REBILL_SEG_ID,,
Flags And Exceptions,Cancelled Bill Segment ID,BSEG_BILLED_USAGE_RPT_CURR,CAN_BSEG_ID,,
Flags And Exceptions,Master Bill Segment ID,BSEG_BILLED_USAGE_RPT_CURR,MASTER_BSEG_ID,,
Snapshot Audit,Snapshot Load Date Time,BSEG_BILLED_USAGE_RPT_CURR,LOAD_DTTM,,
