section,domain_name,FT_and_GL_Snapshot___Domain
section,workstream,Finance

PHYSICAL_TABLES
domain_table_alias,physical_table
FT_GL_DISTRIBUTION_RPT_CURR,FT_GL_DISTRIBUTION_RPT_CURR

JOIN_TREE
join_tree,join_sequence,join_type,left_table,right_table,join_expression
FT_GL_DISTRIBUTION_RPT_CURR,1,single_table,FT_GL_DISTRIBUTION_RPT_CURR,,Single-table domain on FT_GL_DISTRIBUTION_RPT_CURR

EXPOSED_FIELDS
item_group_label,field_label,source_table,source_column,dimension_or_measure,default_aggregation
GL Line,Financial Transaction ID,FT_GL_DISTRIBUTION_RPT_CURR,FT_ID,,
GL Line,GL Sequence Number,FT_GL_DISTRIBUTION_RPT_CURR,GL_SEQ_NBR,,
GL Line,GL Account,FT_GL_DISTRIBUTION_RPT_CURR,GL_ACCT,,
GL Line,Distribution Code,FT_GL_DISTRIBUTION_RPT_CURR,DST_DESC,,
GL Line,Distribution Code ID,FT_GL_DISTRIBUTION_RPT_CURR,DST_ID,,
GL Line,GL Amount,FT_GL_DISTRIBUTION_RPT_CURR,GL_AMOUNT,,
GL Line,Statistic Amount,FT_GL_DISTRIBUTION_RPT_CURR,STATISTIC_AMOUNT,,
GL Line,Total Amount Switch,FT_GL_DISTRIBUTION_RPT_CURR,TOT_AMT_SW,,
GL Line,Characteristic Type Code,FT_GL_DISTRIBUTION_RPT_CURR,CHAR_TYPE_CD,,
GL Line,Characteristic Value,FT_GL_DISTRIBUTION_RPT_CURR,CHAR_VAL,,
Financial Transaction,Financial Transaction Type,FT_GL_DISTRIBUTION_RPT_CURR,FT_TYPE_FLG_DESC,,
Financial Transaction,Financial Transaction Type Code,FT_GL_DISTRIBUTION_RPT_CURR,FT_TYPE_FLG,,
Financial Transaction,Accounting Date,FT_GL_DISTRIBUTION_RPT_CURR,ACCOUNTING_DT,,
Financial Transaction,Arrears Date,FT_GL_DISTRIBUTION_RPT_CURR,ARS_DT,,
Financial Transaction,Created Date Time,FT_GL_DISTRIBUTION_RPT_CURR,FT_CRE_DTTM,,
Financial Transaction,Current Amount,FT_GL_DISTRIBUTION_RPT_CURR,CUR_AMT,,
Financial Transaction,Payoff Amount,FT_GL_DISTRIBUTION_RPT_CURR,TOT_AMT,,
Financial Transaction,Currency Code,FT_GL_DISTRIBUTION_RPT_CURR,CURRENCY_CD,,
Financial Transaction,Bill ID,FT_GL_DISTRIBUTION_RPT_CURR,BILL_ID,,
Financial Transaction,Parent ID,FT_GL_DISTRIBUTION_RPT_CURR,PARENT_ID,,
Financial Transaction,Sibling ID,FT_GL_DISTRIBUTION_RPT_CURR,SIBLING_ID,,
Financial Transaction,GL Distribution Status,FT_GL_DISTRIBUTION_RPT_CURR,GL_DISTRIB_STATUS_DESC,,
Financial Transaction,GL Distribution Status Code,FT_GL_DISTRIBUTION_RPT_CURR,GL_DISTRIB_STATUS,,
Financial Transaction,GL Division,FT_GL_DISTRIBUTION_RPT_CURR,GL_DIVISION_DESC,,
Financial Transaction,GL Division Code,FT_GL_DISTRIBUTION_RPT_CURR,GL_DIVISION,,
Financial Transaction,CIS Division,FT_GL_DISTRIBUTION_RPT_CURR,CIS_DIVISION,,
Financial Transaction,Scheduled Distribution Date,FT_GL_DISTRIBUTION_RPT_CURR,SCHED_DISTRIB_DT,,
Financial Transaction,Transferred Out,FT_GL_DISTRIBUTION_RPT_CURR,XFERRED_OUT_SW,,
Financial Transaction,Transfer To GL Date,FT_GL_DISTRIBUTION_RPT_CURR,XFER_TO_GL_DT,,
Financial Transaction,Match Event ID,FT_GL_DISTRIBUTION_RPT_CURR,MATCH_EVT_ID,,
Financial Transaction,Correction,FT_GL_DISTRIBUTION_RPT_CURR,CORRECTION_SW,,
Financial Transaction,New Debit,FT_GL_DISTRIBUTION_RPT_CURR,NEW_DEBIT_SW,,
Financial Transaction,Show On Bill,FT_GL_DISTRIBUTION_RPT_CURR,SHOW_ON_BILL_SW,,
Financial Transaction,Excluded From Arrears,FT_GL_DISTRIBUTION_RPT_CURR,NOT_IN_ARS_SW,,
Account And Service,Customer Name,FT_GL_DISTRIBUTION_RPT_CURR,CUSTOMER_NAME_UPR,,
Account And Service,Person ID,FT_GL_DISTRIBUTION_RPT_CURR,PER_ID,,
Account And Service,Account ID,FT_GL_DISTRIBUTION_RPT_CURR,ACCT_ID,,
Account And Service,Service Agreement ID,FT_GL_DISTRIBUTION_RPT_CURR,SA_ID,,
Account And Service,Service Agreement Status,FT_GL_DISTRIBUTION_RPT_CURR,SA_STATUS_DESC,,
Account And Service,Service Agreement Status Code,FT_GL_DISTRIBUTION_RPT_CURR,SA_STATUS_FLG,,
Account And Service,Service Type,FT_GL_DISTRIBUTION_RPT_CURR,SA_TYPE_DESC,,
Account And Service,Service Type Code,FT_GL_DISTRIBUTION_RPT_CURR,SA_TYPE_CD,,
Account And Service,Premise ID,FT_GL_DISTRIBUTION_RPT_CURR,CHAR_PREM_ID,,
Account And Service,Bill Cycle,FT_GL_DISTRIBUTION_RPT_CURR,BILL_CYC_DESC,,
Account And Service,Bill Cycle Code,FT_GL_DISTRIBUTION_RPT_CURR,BILL_CYC_CD,,
Account And Service,Customer Class,FT_GL_DISTRIBUTION_RPT_CURR,CUST_CL_DESC,,
Account And Service,Customer Class Code,FT_GL_DISTRIBUTION_RPT_CURR,CUST_CL_CD,,
Account And Service,Collection Class,FT_GL_DISTRIBUTION_RPT_CURR,COLL_CL_DESC,,
Account And Service,Collection Class Code,FT_GL_DISTRIBUTION_RPT_CURR,COLL_CL_CD,,
Account And Service,Account Management Group,FT_GL_DISTRIBUTION_RPT_CURR,ACCT_MGMT_GRP_DESC,,
Account And Service,Account Management Group Code,FT_GL_DISTRIBUTION_RPT_CURR,ACCT_MGMT_GRP_CD,,
Balance Control,Balance Control Group ID,FT_GL_DISTRIBUTION_RPT_CURR,BAL_CTL_GRP_ID,,
Balance Control,Balancing Status,FT_GL_DISTRIBUTION_RPT_CURR,BALANCING_STAT_DESC,,
Balance Control,Balancing Status Code,FT_GL_DISTRIBUTION_RPT_CURR,BALANCING_STAT_FLG,,
Balance Control,Current Amount,FT_GL_DISTRIBUTION_RPT_CURR,BCG_CUR_AMT,,
Balance Control,Total Amount,FT_GL_DISTRIBUTION_RPT_CURR,BCG_TOT_AMT,,
Balance Control,Current Balance,FT_GL_DISTRIBUTION_RPT_CURR,BCG_CUR_BAL,,
Balance Control,Total Balance,FT_GL_DISTRIBUTION_RPT_CURR,BCG_TOT_BAL,,
Balance Control,Created Date Time,FT_GL_DISTRIBUTION_RPT_CURR,BCG_CRE_DTTM,,
Bill Segment,Bill Segment ID,FT_GL_DISTRIBUTION_RPT_CURR,BSEG_ID,,
Bill Segment,Bill Segment Status,FT_GL_DISTRIBUTION_RPT_CURR,BSEG_STAT_DESC,,
Bill Segment,Bill Segment Status Code,FT_GL_DISTRIBUTION_RPT_CURR,BSEG_STAT_FLG,,
Bill Segment,Bill Segment Cycle,FT_GL_DISTRIBUTION_RPT_CURR,BSEG_BILL_CYC_DESC,,
Bill Segment,Bill Segment Cycle Code,FT_GL_DISTRIBUTION_RPT_CURR,BSEG_BILL_CYC_CD,,
Bill Segment,Bill Segment Start Date,FT_GL_DISTRIBUTION_RPT_CURR,BSEG_START_DT,,
Bill Segment,Bill Segment End Date,FT_GL_DISTRIBUTION_RPT_CURR,BSEG_END_DT,,
Bill Segment,Bill Segment Premise ID,FT_GL_DISTRIBUTION_RPT_CURR,BSEG_PREM_ID,,
Bill Segment,Estimated Bill Segment,FT_GL_DISTRIBUTION_RPT_CURR,BSEG_EST_SW,,
Bill Segment,Closing Bill Segment,FT_GL_DISTRIBUTION_RPT_CURR,BSEG_CLOSING_SW,,
Bill Segment,Bill Segment Cancel Reason,FT_GL_DISTRIBUTION_RPT_CURR,BSEG_CAN_RSN_DESC,,
Bill Segment,Bill Segment Cancel Reason Code,FT_GL_DISTRIBUTION_RPT_CURR,BSEG_CAN_RSN_CD,,
Adjustment Trace,Adjustment ID,FT_GL_DISTRIBUTION_RPT_CURR,ADJ_ID,,
Adjustment Trace,Adjustment Status,FT_GL_DISTRIBUTION_RPT_CURR,ADJ_STATUS_DESC,,
Adjustment Trace,Adjustment Status Code,FT_GL_DISTRIBUTION_RPT_CURR,ADJ_STATUS_FLG,,
Adjustment Trace,Adjustment Type,FT_GL_DISTRIBUTION_RPT_CURR,ADJ_TYPE_DESC,,
Adjustment Trace,Adjustment Type Code,FT_GL_DISTRIBUTION_RPT_CURR,ADJ_TYPE_CD,,
Adjustment Trace,Adjustment Cancel Reason,FT_GL_DISTRIBUTION_RPT_CURR,ADJ_CAN_RSN_DESC,,
Adjustment Trace,Adjustment Cancel Reason Code,FT_GL_DISTRIBUTION_RPT_CURR,ADJ_CAN_RSN_CD,,
Adjustment Trace,Adjustment Amount,FT_GL_DISTRIBUTION_RPT_CURR,ADJ_AMT,,
Adjustment Trace,Transfer Adjustment ID,FT_GL_DISTRIBUTION_RPT_CURR,XFER_ADJ_ID,,
Adjustment Trace,Behalf Service Agreement ID,FT_GL_DISTRIBUTION_RPT_CURR,BEHALF_SA_ID,,
Adjustment Trace,Base Amount,FT_GL_DISTRIBUTION_RPT_CURR,BASE_AMT,,
Adjustment Trace,Generated Reference Date,FT_GL_DISTRIBUTION_RPT_CURR,GEN_REF_DT,,
Adjustment Trace,Approval Request ID,FT_GL_DISTRIBUTION_RPT_CURR,APPR_REQ_ID,,
Payment Segment,Payment Segment ID,FT_GL_DISTRIBUTION_RPT_CURR,PAY_SEG_ID,,
Payment Segment,Payment ID,FT_GL_DISTRIBUTION_RPT_CURR,PAY_ID,,
Payment Segment,Payment Segment Amount,FT_GL_DISTRIBUTION_RPT_CURR,PAY_SEG_AMT,,
Payment Segment,Payment Match Event ID,FT_GL_DISTRIBUTION_RPT_CURR,PAY_MATCH_EVT_ID,,
Snapshot Audit,Batch Code,FT_GL_DISTRIBUTION_RPT_CURR,BATCH_CD,,
Snapshot Audit,Batch Number,FT_GL_DISTRIBUTION_RPT_CURR,BATCH_NBR,,
Snapshot Audit,Latest Batch Number,FT_GL_DISTRIBUTION_RPT_CURR,IS_LATEST_BATCH_NBR,,
Snapshot Audit,Frozen,FT_GL_DISTRIBUTION_RPT_CURR,FREEZE_SW,,
Snapshot Audit,Freeze Date Time,FT_GL_DISTRIBUTION_RPT_CURR,FREEZE_DTTM,,
Snapshot Audit,Freeze User Name,FT_GL_DISTRIBUTION_RPT_CURR,FREEZE_USER_NAME,,
Snapshot Audit,Freeze User ID,FT_GL_DISTRIBUTION_RPT_CURR,FREEZE_USER_ID,,
Snapshot Audit,Snapshot Load Date Time,FT_GL_DISTRIBUTION_RPT_CURR,LOAD_DTTM,,
