section,domain_name,Usage_Transactions_Snapshot___Domain
section,workstream,Meter Operations

PHYSICAL_TABLES
domain_table_alias,physical_table
D1_USAGE_RPT_CURR,D1_USAGE_RPT_CURR

JOIN_TREE
join_tree,join_sequence,join_type,left_table,right_table,join_expression
D1_USAGE_RPT_CURR,1,single_table,D1_USAGE_RPT_CURR,,Single-table domain on D1_USAGE_RPT_CURR

EXPOSED_FIELDS
item_group_label,field_label,source_table,source_column,dimension_or_measure,default_aggregation
Usage Core,Usage Transaction ID,D1_USAGE_RPT_CURR,D1_USAGE_ID,,
Usage Core,Usage Subscription ID,D1_USAGE_RPT_CURR,US_ID,,
Usage Core,Usage External ID,D1_USAGE_RPT_CURR,USG_EXT_ID,,
Usage Core,Original Usage ID,D1_USAGE_RPT_CURR,ORG_USAGE_ID,,
Usage Core,Usage Business Object Code,D1_USAGE_RPT_CURR,BUS_OBJ_CD,,
Usage Core,Usage Business Object,D1_USAGE_RPT_CURR,BUS_OBJ_DESC,,
Usage Core,Usage Status Code,D1_USAGE_RPT_CURR,BO_STATUS_CD,,
Usage Core,Usage Status,D1_USAGE_RPT_CURR,BO_STATUS_DESC,,
Usage Core,Usage Status Reason Code,D1_USAGE_RPT_CURR,BO_STATUS_REASON_CD,,
Usage Core,Usage Start Date Time,D1_USAGE_RPT_CURR,START_DTTM,,
Usage Core,Usage End Date Time,D1_USAGE_RPT_CURR,END_DTTM,,
Usage Core,Usage Status Updated Date Time,D1_USAGE_RPT_CURR,STATUS_UPD_DTTM,,
Usage Core,Scheduled Selection Date Time,D1_USAGE_RPT_CURR,SCH_SELECTION_DT,,
Usage Core,Usage Calculation Group Code,D1_USAGE_RPT_CURR,USG_GRP_CD,,
Usage Core,Usage Calculation Group,D1_USAGE_RPT_CURR,USG_GRP_DESC,,
Usage Core,Usage Calculation Type Code,D1_USAGE_RPT_CURR,D1_USG_CAL_TYPE_CD,,
Usage Core,Usage Calculation Type,D1_USAGE_RPT_CURR,D1_USG_CAL_TYPE_DESC,,
Usage Core,Usage Source Code,D1_USAGE_RPT_CURR,USG_SRC_FLG,,
Usage Core,Usage Source,D1_USAGE_RPT_CURR,USG_SRC_DESC,,
Usage Core,Service Provider Code,D1_USAGE_RPT_CURR,D1_SPR_CD,,
Usage Core,Service Provider,D1_USAGE_RPT_CURR,D1_SPR_DESC,,
Usage Core,Measurement Cycle Code,D1_USAGE_RPT_CURR,MSRMT_CYC_CD,,
Usage Core,Measurement Cycle,D1_USAGE_RPT_CURR,MSRMT_CYC_DESC,,
Usage Core,Route Code,D1_USAGE_RPT_CURR,MSRMT_CYC_RTE_CD,,
Usage Core,Route,D1_USAGE_RPT_CURR,MSRMT_CYC_RTE_DESC,,
Usage Core,Used On Bill Code,D1_USAGE_RPT_CURR,USED_ON_BILL_FLG,,
Usage Core,Used On Bill,D1_USAGE_RPT_CURR,USED_ON_BILL_DESC,,
Usage Core,Linked To Frozen Bill Segment Code,D1_USAGE_RPT_CURR,LINKED_TO_FRZN_BSEG_FLG,,
Usage Core,Linked To Frozen Bill Segment,D1_USAGE_RPT_CURR,LINKED_TO_FRZN_BSEG_DESC,,
Usage Core,Total Usage Transaction Count,D1_USAGE_RPT_CURR,TOT_USG_TRANS_CNT,,
Usage Core,Relative Order,D1_USAGE_RPT_CURR,REL_ORDER,,
Usage Core,Usage Created Date Time,D1_USAGE_RPT_CURR,USAGE_CRE_DTTM,,
Usage Core,Snapshot Load Date Time,D1_USAGE_RPT_CURR,LOAD_DTTM,,
Usage Subscription,Subscription Status Code,D1_USAGE_RPT_CURR,US_BO_STATUS_CD,,
Usage Subscription,Subscription Status,D1_USAGE_RPT_CURR,US_BO_STATUS_DESC,,
Usage Subscription,Subscription Status Reason Code,D1_USAGE_RPT_CURR,US_BO_STATUS_REASON_CD,,
Usage Subscription,Subscription Type Code,D1_USAGE_RPT_CURR,US_TYPE_CD,,
Usage Subscription,Subscription Type,D1_USAGE_RPT_CURR,US_TYPE_DESC,,
Usage Subscription,Subscription Service Provider Code,D1_USAGE_RPT_CURR,US_D1_SPR_CD,,
Usage Subscription,Subscription Service Provider,D1_USAGE_RPT_CURR,US_D1_SPR_DESC,,
Usage Subscription,Subscription Bill Cycle Code,D1_USAGE_RPT_CURR,D1_BILL_CYC_CD,,
Usage Subscription,Subscription Bill Cycle,D1_USAGE_RPT_CURR,D1_BILL_CYC_DESC,,
Usage Subscription,Subscription Division Code,D1_USAGE_RPT_CURR,DIVISION_CD,,
Usage Subscription,Subscription Time Zone Code,D1_USAGE_RPT_CURR,TIME_ZONE_CD,,
Usage Subscription,Subscription Time Zone,D1_USAGE_RPT_CURR,TIME_ZONE_DESC,,
Usage Subscription,Subscription Access Group Code,D1_USAGE_RPT_CURR,ACCESS_GRP_CD,,
Usage Subscription,Subscription Access Group,D1_USAGE_RPT_CURR,ACCESS_GRP_DESC,,
Usage Subscription,Subscription Status Condition Code,D1_USAGE_RPT_CURR,US_STAT_COND_FLG,,
Usage Subscription,Subscription Status Condition,D1_USAGE_RPT_CURR,US_STAT_COND_DESC,,
Usage Subscription,Usage Approval Required Code,D1_USAGE_RPT_CURR,USG_APPR_REQ_FLG,,
Usage Subscription,Usage Approval Required,D1_USAGE_RPT_CURR,USG_APPR_REQ_DESC,,
Usage Subscription,Subscription Start Date Time,D1_USAGE_RPT_CURR,US_START_DTTM,,
Usage Subscription,Subscription End Date Time,D1_USAGE_RPT_CURR,US_END_DTTM,,
Usage Subscription,Subscription Status Updated Date Time,D1_USAGE_RPT_CURR,US_STATUS_UPD_DTTM,,
Usage Subscription,Most Recent Transaction Date Time,D1_USAGE_RPT_CURR,MOST_RECENT_TRANS_DTTM,,
Usage Subscription,Usage Subscription Measuring Point ID,D1_USAGE_RPT_CURR,US_MP_ID,,
Billing Bridge,Bridge Method,D1_USAGE_RPT_CURR,BRIDGE_METHOD,,
Billing Bridge,C1 Match Count,D1_USAGE_RPT_CURR,C1_MATCH_COUNT,,
Billing Bridge,C1 Usage ID,D1_USAGE_RPT_CURR,C1_USAGE_ID,,
Billing Bridge,C1 Master Usage ID,D1_USAGE_RPT_CURR,C1_MASTER_USAGE_ID,,
Billing Bridge,C1 Service Agreement ID,D1_USAGE_RPT_CURR,C1_SA_ID,,
Billing Bridge,C1 Service Point ID,D1_USAGE_RPT_CURR,C1_SP_ID,,
Billing Bridge,C1 Bill Segment ID,D1_USAGE_RPT_CURR,C1_BSEG_ID,,
Billing Bridge,C1 Bill Cycle Code,D1_USAGE_RPT_CURR,C1_BILL_CYC_CD,,
Billing Bridge,C1 Bill Cycle,D1_USAGE_RPT_CURR,C1_BILL_CYC_DESC,,
Billing Bridge,C1 Usage Status Code,D1_USAGE_RPT_CURR,C1_BO_STATUS_CD,,
Billing Bridge,C1 Usage Status,D1_USAGE_RPT_CURR,C1_BO_STATUS_DESC,,
Billing Bridge,C1 Usage Start Date Time,D1_USAGE_RPT_CURR,C1_START_DTTM,,
Billing Bridge,C1 Usage End Date Time,D1_USAGE_RPT_CURR,C1_END_DTTM,,
Billing Bridge,C1 Status Updated Date Time,D1_USAGE_RPT_CURR,C1_STATUS_UPD_DTTM,,
Billing Bridge,C1 Created Date Time,D1_USAGE_RPT_CURR,C1_CRE_DTTM,,
Billing Bridge,Bill ID,D1_USAGE_RPT_CURR,BILL_ID,,
Billing Bridge,Bill Segment Status Code,D1_USAGE_RPT_CURR,BSEG_STAT_FLG,,
Billing Bridge,Bill Segment Status,D1_USAGE_RPT_CURR,BSEG_STAT_DESC,,
Billing Bridge,Bill Segment Start Date,D1_USAGE_RPT_CURR,BSEG_START_DT,,
Billing Bridge,Bill Segment End Date,D1_USAGE_RPT_CURR,BSEG_END_DT,,
Billing Bridge,Bill Segment Estimated Switch,D1_USAGE_RPT_CURR,BSEG_EST_SW,,
Billing Bridge,Bill Segment Bill Cycle Code,D1_USAGE_RPT_CURR,BSEG_BILL_CYC_CD,,
Billing Bridge,Bill Segment Bill Cycle,D1_USAGE_RPT_CURR,BSEG_BILL_CYC_DESC,,
Service Agreement And Customer,Service Agreement ID,D1_USAGE_RPT_CURR,SA_ID,,
Service Agreement And Customer,Account ID,D1_USAGE_RPT_CURR,ACCT_ID,,
Service Agreement And Customer,Customer Class Code,D1_USAGE_RPT_CURR,CUST_CL_CD,,
Service Agreement And Customer,Customer Class,D1_USAGE_RPT_CURR,CUST_CL_DESC,,
Service Agreement And Customer,Collection Class Code,D1_USAGE_RPT_CURR,COLL_CL_CD,,
Service Agreement And Customer,Collection Class,D1_USAGE_RPT_CURR,COLL_CL_DESC,,
Service Agreement And Customer,Account Management Group Code,D1_USAGE_RPT_CURR,ACCT_MGMT_GRP_CD,,
Service Agreement And Customer,Account Management Group,D1_USAGE_RPT_CURR,ACCT_MGMT_GRP_DESC,,
Service Agreement And Customer,Budget Plan Code,D1_USAGE_RPT_CURR,BUD_PLAN_CD,,
Service Agreement And Customer,Budget Plan,D1_USAGE_RPT_CURR,BUD_PLAN_DESC,,
Service Agreement And Customer,Person ID,D1_USAGE_RPT_CURR,PER_ID,,
Service Agreement And Customer,Customer Name,D1_USAGE_RPT_CURR,CUSTOMER_NAME,,
Service Agreement And Customer,Service Type Code,D1_USAGE_RPT_CURR,SA_TYPE_CD,,
Service Agreement And Customer,Service Type,D1_USAGE_RPT_CURR,SA_TYPE_DESC,,
Service Agreement And Customer,Service Agreement Status Code,D1_USAGE_RPT_CURR,SA_STATUS_FLG,,
Service Agreement And Customer,Service Agreement Status,D1_USAGE_RPT_CURR,SA_STATUS_DESC,,
Service Agreement And Customer,Service Agreement Division,D1_USAGE_RPT_CURR,SA_CIS_DIVISION,,
Service Agreement And Customer,Service Agreement Currency Code,D1_USAGE_RPT_CURR,SA_CURRENCY_CD,,
Service Agreement And Customer,Service Agreement Start Date,D1_USAGE_RPT_CURR,SA_START_DT,,
Service Agreement And Customer,Service Agreement End Date,D1_USAGE_RPT_CURR,SA_END_DT,,
Premise,Premise ID,D1_USAGE_RPT_CURR,PREM_ID,,
Premise,Address,D1_USAGE_RPT_CURR,ADDRESS1,,
Premise,City,D1_USAGE_RPT_CURR,CITY,,
Premise,State,D1_USAGE_RPT_CURR,STATE,,
Premise,Postal Code,D1_USAGE_RPT_CURR,POSTAL,,
