domain_name,workstream,domain_table_alias,physical_table
Bill_Segment___Domain,Billing and Rates,CI_BILL,CI_BILL
Bill_Segment___Domain,Billing and Rates,CI_ACCT,CI_ACCT
Bill_Segment___Domain,Billing and Rates,CI_ACCT_PER,CI_ACCT_PER
Bill_Segment___Domain,Billing and Rates,CI_PER_NAME,CI_PER_NAME
Bill_Segment___Domain,Billing and Rates,CI_BILL_CYC_L,CI_BILL_CYC_L
Bill_Segment___Domain,Billing and Rates,CI_BILL_CYC_L_1,CI_BILL_CYC_L
Bill_Segment___Domain,Billing and Rates,CI_BILL_CYC_L_2,CI_BILL_CYC_L
Bill_Segment___Domain,Billing and Rates,CI_LOOKUP_VAL_L,CI_LOOKUP_VAL_L
Bill_Segment___Domain,Billing and Rates,CI_LOOKUP_VAL_L_1,CI_LOOKUP_VAL_L
Bill_Segment___Domain,Billing and Rates,CI_LOOKUP_VAL_L_2,CI_LOOKUP_VAL_L
Bill_Segment___Domain,Billing and Rates,CI_LOOKUP_VAL_L_3,CI_LOOKUP_VAL_L
Bill_Segment___Domain,Billing and Rates,CI_LOOKUP_VAL_L_4,CI_LOOKUP_VAL_L
Bill_Segment___Domain,Billing and Rates,SC_USER,SC_USER
Bill_Segment___Domain,Billing and Rates,CI_ACCT_MGMT_GR_L,CI_ACCT_MGMT_GR_L
Bill_Segment___Domain,Billing and Rates,CI_COLL_CL_L,CI_COLL_CL_L
Bill_Segment___Domain,Billing and Rates,CI_CUST_CL_L,CI_CUST_CL_L
Bill_Segment___Domain,Billing and Rates,CI_BUD_PLAN_L,CI_BUD_PLAN_L
Bill_Segment___Domain,Billing and Rates,CI_BSEG,CI_BSEG
Bill_Segment___Domain,Billing and Rates,CI_BSEG_CALC,CI_BSEG_CALC
Bill_Segment___Domain,Billing and Rates,CI_BSEG_READ,CI_BSEG_READ
Bill_Segment___Domain,Billing and Rates,CI_BSEG_SQ,CI_BSEG_SQ
Bill_Segment___Domain,Billing and Rates,CI_BILL_CAN_RSN_L,CI_BILL_CAN_RSN_L
Bill_Segment___Domain,Billing and Rates,CI_RS_L,CI_RS_L
Bill_Segment___Domain,Billing and Rates,CI_UOM_L,CI_UOM_L
Bill_Segment___Domain,Billing and Rates,CI_UOM_L_1,CI_UOM_L
Bill_Segment___Domain,Billing and Rates,CI_UOM_L_2,CI_UOM_L
Bill_Segment___Domain,Billing and Rates,CI_TOU_L,CI_TOU_L
Bill_Segment___Domain,Billing and Rates,CI_TOU_L_1,CI_TOU_L
Bill_Segment___Domain,Billing and Rates,CI_TOU_L_2,CI_TOU_L
Bill_Segment___Domain,Billing and Rates,CI_SQI_L,CI_SQI_L
Bill_Segment___Domain,Billing and Rates,CI_SQI_L_1,CI_SQI_L
Bill_Segment___Domain,Billing and Rates,CI_SQI_L_2,CI_SQI_L
Bill_Segment___Domain,Billing and Rates,JoinTree_1,CI_BILL
Billed_Usage_SQ_Snapshot___Domain,Billing and Rates,BSEG_SQ_USAGE_RPT_CURR,BSEG_SQ_USAGE_RPT_CURR
Billed_Usage_Snapshot___Domain,Billing and Rates,BSEG_BILLED_USAGE_RPT_CURR,BSEG_BILLED_USAGE_RPT_CURR
SC_Unbilled_Billing_Domain,Billing and Rates,CI_BSEG_EXCP,CI_BSEG_EXCP
SC_Unbilled_Billing_Domain,Billing and Rates,CI_BSEG,CI_BSEG
Deposit_Control___Domain,Cashiering,CI_DEP_CTL,CI_DEP_CTL
Deposit_Control___Domain,Cashiering,CI_DEP_CTL_1,CI_DEP_CTL
Deposit_Control___Domain,Cashiering,CI_LOOKUP_VAL_L,CI_LOOKUP_VAL_L
Deposit_Control___Domain,Cashiering,CI_LOOKUP_VAL_L_1,CI_LOOKUP_VAL_L
Deposit_Control___Domain,Cashiering,CI_LOOKUP_VAL_L_2,CI_LOOKUP_VAL_L
Deposit_Control___Domain,Cashiering,CI_LOOKUP_VAL_L_3,CI_LOOKUP_VAL_L
Deposit_Control___Domain,Cashiering,CI_LOOKUP_VAL_L_4,CI_LOOKUP_VAL_L
Deposit_Control___Domain,Cashiering,CI_TNDR_CTL,CI_TNDR_CTL
Deposit_Control___Domain,Cashiering,CI_TNDR_DEP,CI_TNDR_DEP
Deposit_Control___Domain,Cashiering,CI_TNDR_SRCE_L,CI_TNDR_SRCE_L
Deposit_Control___Domain,Cashiering,CI_TNDR_END_BAL,CI_TNDR_END_BAL
Deposit_Control___Domain,Cashiering,SC_USER,SC_USER
Deposit_Control___Domain,Cashiering,SC_USER_1,SC_USER
Deposit_Control___Domain,Cashiering,SC_USER_2,SC_USER
Deposit_Control___Domain,Cashiering,SC_USER_3,SC_USER
Deposit_Control___Domain,Cashiering,SC_USER_4,SC_USER
Deposit_Control___Domain,Cashiering,SC_USER_5,SC_USER
Deposit_Control___Domain,Cashiering,CI_BATCH_CTRL_L,CI_BATCH_CTRL_L
Deposit_Control___Domain,Cashiering,CI_TENDER_TYPE_L,CI_TENDER_TYPE_L
Deposit_Control___Domain,Cashiering,CI_BANK_L,CI_BANK_L
Deposit_Control___Domain,Cashiering,CI_BANK_ACCOUNT_L,CI_BANK_ACCOUNT_L
Deposit_Control___Domain,Cashiering,JoinTree_1,CI_TNDR_CTL
Deposit_Control___Domain,Cashiering,JoinTree_2,CI_DEP_CTL
Pay_Plan___Domain,Cashiering,CI_PP,CI_PP
Pay_Plan___Domain,Cashiering,CI_PP_SCHED_PAY,CI_PP_SCHED_PAY
Pay_Plan___Domain,Cashiering,CI_PP_TYPE_L,CI_PP_TYPE_L
Pay_Plan___Domain,Cashiering,CI_PP_ACCT_HST_VW,CI_PP_ACCT_HST_VW
Pay_Plan___Domain,Cashiering,CI_LOOKUP_VAL_L,CI_LOOKUP_VAL_L
Pay_Plan___Domain,Cashiering,CI_LOOKUP_VAL_L_1,CI_LOOKUP_VAL_L
Pay_Plan___Domain,Cashiering,CI_ACCT_PER,CI_ACCT_PER
Pay_Plan___Domain,Cashiering,CI_ACCT_PER_1,CI_ACCT_PER
Pay_Plan___Domain,Cashiering,CI_PAY_METH_L,CI_PAY_METH_L
Pay_Plan___Domain,Cashiering,CI_THRD_PTY_L,CI_THRD_PTY_L
Pay_Plan___Domain,Cashiering,SC_USER,SC_USER
Pay_Plan___Domain,Cashiering,SC_USER_1,SC_USER
Pay_Plan___Domain,Cashiering,CI_PER_NAME,CI_PER_NAME
Pay_Plan___Domain,Cashiering,CI_PER_NAME_1,CI_PER_NAME
Pay_Plan___Domain,Cashiering,JoinTree_1,CI_PP
Payment_Header___Domain,Cashiering,CI_PAY_EVENT,CI_PAY_EVENT
Payment_Header___Domain,Cashiering,CI_PAY,CI_PAY
Payment_Header___Domain,Cashiering,CI_PAY_CAN_RSN_L,CI_PAY_CAN_RSN_L
Payment_Header___Domain,Cashiering,CI_LOOKUP_VAL_L,CI_LOOKUP_VAL_L
Payment_Header___Domain,Cashiering,CI_ACCT_PER,CI_ACCT_PER
Payment_Header___Domain,Cashiering,CI_MATCH_TYPE_L,CI_MATCH_TYPE_L
Payment_Header___Domain,Cashiering,CI_PER_NAME,CI_PER_NAME
Payment_Header___Domain,Cashiering,JoinTree_1,CI_PAY
Payment_Tender___Domain,Cashiering,CI_PAY_EVENT,CI_PAY_EVENT
Payment_Tender___Domain,Cashiering,CI_PAY_TNDR,CI_PAY_TNDR
Payment_Tender___Domain,Cashiering,CI_PAY_TND_VW,CI_PAY_TND_VW
Payment_Tender___Domain,Cashiering,CI_LOOKUP_VAL_L,CI_LOOKUP_VAL_L
Payment_Tender___Domain,Cashiering,CI_LOOKUP_VAL_L_1,CI_LOOKUP_VAL_L
Payment_Tender___Domain,Cashiering,CI_ACCT_PER,CI_ACCT_PER
Payment_Tender___Domain,Cashiering,CI_TENDER_TYPE_L,CI_TENDER_TYPE_L
Payment_Tender___Domain,Cashiering,CI_PAY_CAN_RSN_L,CI_PAY_CAN_RSN_L
Payment_Tender___Domain,Cashiering,CI_TNDR_CTL,CI_TNDR_CTL
Payment_Tender___Domain,Cashiering,CI_TNDR_SRCE_L,CI_TNDR_SRCE_L
Payment_Tender___Domain,Cashiering,SC_USER,SC_USER
Payment_Tender___Domain,Cashiering,SC_USER_1,SC_USER
Payment_Tender___Domain,Cashiering,CI_PER_NAME,CI_PER_NAME
Payment_Tender___Domain,Cashiering,JoinTree_1,CI_PAY_TNDR
Batch_Process___Domain,Common,CI_BATCH_CTRL,CI_BATCH_CTRL
Batch_Process___Domain,Common,CI_BATCH_CTRL_L,CI_BATCH_CTRL_L
Batch_Process___Domain,Common,CI_BATCH_INST,CI_BATCH_INST
Batch_Process___Domain,Common,CI_BATCH_RUN,CI_BATCH_RUN
Batch_Process___Domain,Common,CI_BATCH_THD,CI_BATCH_THD
Batch_Process___Domain,Common,CI_LOOKUP_VAL_L,CI_LOOKUP_VAL_L
Batch_Process___Domain,Common,CI_LOOKUP_VAL_L_1,CI_LOOKUP_VAL_L
Batch_Process___Domain,Common,SC_USER,SC_USER
Batch_Process___Domain,Common,JoinTree_1,CI_BATCH_INST
Bill_Segment_Exception___Domain,Common,CI_BSEG_EXCP,CI_BSEG_EXCP
Bill_Segment_Exception___Domain,Common,CI_SA,CI_SA
Bill_Segment_Exception___Domain,Common,CI_ACCT_PER,CI_ACCT_PER
Bill_Segment_Exception___Domain,Common,CI_PER_NAME,CI_PER_NAME
Bill_Segment_Exception___Domain,Common,CI_TD_DRLKEY,CI_TD_DRLKEY
Bill_Segment_Exception___Domain,Common,CI_TD_ENTRY,CI_TD_ENTRY
Bill_Segment_Exception___Domain,Common,SC_USER,SC_USER
Bill_Segment_Exception___Domain,Common,SC_USER_1,SC_USER
Bill_Segment_Exception___Domain,Common,SC_USER_2,SC_USER
Bill_Segment_Exception___Domain,Common,SC_USER_3,SC_USER
Bill_Segment_Exception___Domain,Common,SC_USER_4,SC_USER
Bill_Segment_Exception___Domain,Common,CI_TD_TYPE_L,CI_TD_TYPE_L
Bill_Segment_Exception___Domain,Common,CI_ROLE_L,CI_ROLE_L
Bill_Segment_Exception___Domain,Common,CI_TD_DRLKEY_TY,CI_TD_DRLKEY_TY
Bill_Segment_Exception___Domain,Common,CI_BSEG,CI_BSEG
Bill_Segment_Exception___Domain,Common,CI_LOOKUP_VAL_L,CI_LOOKUP_VAL_L
Bill_Segment_Exception___Domain,Common,CI_LOOKUP_VAL_L_1,CI_LOOKUP_VAL_L
Bill_Segment_Exception___Domain,Common,CI_LOOKUP_VAL_L_2,CI_LOOKUP_VAL_L
Bill_Segment_Exception___Domain,Common,CI_LOOKUP_VAL_L_3,CI_LOOKUP_VAL_L
Bill_Segment_Exception___Domain,Common,CI_LOOKUP_VAL_L_4,CI_LOOKUP_VAL_L
Bill_Segment_Exception___Domain,Common,CI_BILL_CYC_L,CI_BILL_CYC_L
Bill_Segment_Exception___Domain,Common,CI_COLL_CL_L,CI_COLL_CL_L
Bill_Segment_Exception___Domain,Common,CI_ACCT_MGMT_GR_L,CI_ACCT_MGMT_GR_L
Bill_Segment_Exception___Domain,Common,CI_ACCT,CI_ACCT
Bill_Segment_Exception___Domain,Common,CI_CUST_CL_L,CI_CUST_CL_L
Bill_Segment_Exception___Domain,Common,CI_BUD_PLAN_L,CI_BUD_PLAN_L
Bill_Segment_Exception___Domain,Common,CI_SA_TYPE_L,CI_SA_TYPE_L
Bill_Segment_Exception___Domain,Common,JoinTree_1,CI_BSEG_EXCP
To_Do___Domain,Common,CI_TD_ENTRY,CI_TD_ENTRY
To_Do___Domain,Common,CI_TD_TYPE_L,CI_TD_TYPE_L
To_Do___Domain,Common,CI_ROLE_L,CI_ROLE_L
To_Do___Domain,Common,SC_USER,SC_USER
To_Do___Domain,Common,SC_USER_1,SC_USER
To_Do___Domain,Common,SC_USER_2,SC_USER
To_Do___Domain,Common,CI_PREM,CI_PREM
To_Do___Domain,Common,CI_LOOKUP_VAL_L,CI_LOOKUP_VAL_L
To_Do___Domain,Common,CI_LOOKUP_VAL_L_1,CI_LOOKUP_VAL_L
To_Do___Domain,Common,CI_MSG_L,CI_MSG_L
To_Do___Domain,Common,CI_PER_NAME,CI_PER_NAME
To_Do___Domain,Common,CI_PREM_TYPE_L,CI_PREM_TYPE_L
To_Do___Domain,Common,CI_MR_INSTR_L,CI_MR_INSTR_L
To_Do___Domain,Common,CI_MR_WARN_L,CI_MR_WARN_L
To_Do___Domain,Common,CI_TREND_AREA_L,CI_TREND_AREA_L
To_Do___Domain,Common,CI_STATE_L,CI_STATE_L
To_Do___Domain,Common,CI_TIME_ZONE_L,CI_TIME_ZONE_L
To_Do___Domain,Common,JoinTree_1,CI_TD_ENTRY
Usage_Transaction_Exception___Domain,Common,D1_USAGE_EXCP,D1_USAGE_EXCP
Usage_Transaction_Exception___Domain,Common,CI_TD_DRLKEY,CI_TD_DRLKEY
Usage_Transaction_Exception___Domain,Common,CI_TD_DRLKEY_TY,CI_TD_DRLKEY_TY
Usage_Transaction_Exception___Domain,Common,CI_TD_ENTRY,CI_TD_ENTRY
Usage_Transaction_Exception___Domain,Common,D1_USAGE,D1_USAGE
Usage_Transaction_Exception___Domain,Common,D1_US_CONTACT,D1_US_CONTACT
Usage_Transaction_Exception___Domain,Common,D1_CONTACT_IDENTIFIER,D1_CONTACT_IDENTIFIER
Usage_Transaction_Exception___Domain,Common,CI_PER_NAME,CI_PER_NAME
Usage_Transaction_Exception___Domain,Common,CI_LOOKUP_VAL_L,CI_LOOKUP_VAL_L
Usage_Transaction_Exception___Domain,Common,CI_LOOKUP_VAL_L_1,CI_LOOKUP_VAL_L
Usage_Transaction_Exception___Domain,Common,CI_LOOKUP_VAL_L_2,CI_LOOKUP_VAL_L
Usage_Transaction_Exception___Domain,Common,CI_LOOKUP_VAL_L_3,CI_LOOKUP_VAL_L
Usage_Transaction_Exception___Domain,Common,CI_LOOKUP_VAL_L_4,CI_LOOKUP_VAL_L
Usage_Transaction_Exception___Domain,Common,CI_LOOKUP_VAL_L_5,CI_LOOKUP_VAL_L
Usage_Transaction_Exception___Domain,Common,F1_BUS_OBJ_L,F1_BUS_OBJ_L
Usage_Transaction_Exception___Domain,Common,F1_BUS_OBJ_L_1,F1_BUS_OBJ_L
Usage_Transaction_Exception___Domain,Common,D1_USAGE_EXCP_TYPE_L,D1_USAGE_EXCP_TYPE_L
Usage_Transaction_Exception___Domain,Common,D1_USG_GRP_L,D1_USG_GRP_L
Usage_Transaction_Exception___Domain,Common,D1_USG_RULE_L,D1_USG_RULE_L
Usage_Transaction_Exception___Domain,Common,CI_TD_TYPE_L,CI_TD_TYPE_L
Usage_Transaction_Exception___Domain,Common,CI_ROLE_L,CI_ROLE_L
Usage_Transaction_Exception___Domain,Common,SC_USER,SC_USER
Usage_Transaction_Exception___Domain,Common,SC_USER_1,SC_USER
Usage_Transaction_Exception___Domain,Common,SC_USER_2,SC_USER
Usage_Transaction_Exception___Domain,Common,D1_US_SP,D1_US_SP
Usage_Transaction_Exception___Domain,Common,D1_SP,D1_SP
Usage_Transaction_Exception___Domain,Common,CI_ACC_GRP_L,CI_ACC_GRP_L
Usage_Transaction_Exception___Domain,Common,F1_BUS_OBJ_STATUS_L,F1_BUS_OBJ_STATUS_L
Usage_Transaction_Exception___Domain,Common,D1_SP_TYPE_L,D1_SP_TYPE_L
Usage_Transaction_Exception___Domain,Common,D1_DIVISION_L,D1_DIVISION_L
Usage_Transaction_Exception___Domain,Common,D1_MKT_L,D1_MKT_L
Usage_Transaction_Exception___Domain,Common,D1_MSRMT_CYC_L,D1_MSRMT_CYC_L
Usage_Transaction_Exception___Domain,Common,D1_MSRMT_CYC_RTE_L,D1_MSRMT_CYC_RTE_L
Usage_Transaction_Exception___Domain,Common,CI_TIME_ZONE_L,CI_TIME_ZONE_L
Usage_Transaction_Exception___Domain,Common,JoinTree_1,D1_USAGE_EXCP
VEE_Exception___Domain,Common,D1_VEE_EXCP,D1_VEE_EXCP
VEE_Exception___Domain,Common,CI_TD_DRLKEY,CI_TD_DRLKEY
VEE_Exception___Domain,Common,CI_TD_DRLKEY_TY,CI_TD_DRLKEY_TY
VEE_Exception___Domain,Common,CI_TD_ENTRY,CI_TD_ENTRY
VEE_Exception___Domain,Common,D1_INIT_MSRMT_DATA,D1_INIT_MSRMT_DATA
VEE_Exception___Domain,Common,D1_MEASR_COMP,D1_MEASR_COMP
VEE_Exception___Domain,Common,D1_DVC_CFG,D1_DVC_CFG
VEE_Exception___Domain,Common,D1_INSTALL_EVT,D1_INSTALL_EVT
VEE_Exception___Domain,Common,D1_SP,D1_SP
VEE_Exception___Domain,Common,F1_BUS_OBJ_L,F1_BUS_OBJ_L
VEE_Exception___Domain,Common,F1_BUS_OBJ_L_1,F1_BUS_OBJ_L
VEE_Exception___Domain,Common,F1_BUS_OBJ_STATUS_L,F1_BUS_OBJ_STATUS_L
VEE_Exception___Domain,Common,F1_BUS_OBJ_STATUS_L_1,F1_BUS_OBJ_STATUS_L
VEE_Exception___Domain,Common,CI_LOOKUP_VAL_L,CI_LOOKUP_VAL_L
VEE_Exception___Domain,Common,CI_LOOKUP_VAL_L_1,CI_LOOKUP_VAL_L
VEE_Exception___Domain,Common,CI_LOOKUP_VAL_L_2,CI_LOOKUP_VAL_L
VEE_Exception___Domain,Common,CI_LOOKUP_VAL_L_3,CI_LOOKUP_VAL_L
VEE_Exception___Domain,Common,CI_LOOKUP_VAL_L_4,CI_LOOKUP_VAL_L
VEE_Exception___Domain,Common,CI_LOOKUP_VAL_L_5,CI_LOOKUP_VAL_L
VEE_Exception___Domain,Common,CI_LOOKUP_VAL_L_6,CI_LOOKUP_VAL_L
VEE_Exception___Domain,Common,D1_EXCP_TYPE_L,D1_EXCP_TYPE_L
VEE_Exception___Domain,Common,D1_VEE_GRP_L,D1_VEE_GRP_L
VEE_Exception___Domain,Common,D1_VEE_RULE_L,D1_VEE_RULE_L
VEE_Exception___Domain,Common,D1_DIVISION_L,D1_DIVISION_L
VEE_Exception___Domain,Common,D1_MKT_L,D1_MKT_L
VEE_Exception___Domain,Common,D1_MSRMT_CYC_L,D1_MSRMT_CYC_L
VEE_Exception___Domain,Common,D1_MSRMT_CYC_RTE_L,D1_MSRMT_CYC_RTE_L
VEE_Exception___Domain,Common,CI_TIME_ZONE_L,CI_TIME_ZONE_L
VEE_Exception___Domain,Common,SC_USER,SC_USER
VEE_Exception___Domain,Common,SC_USER_1,SC_USER
VEE_Exception___Domain,Common,SC_USER_2,SC_USER
VEE_Exception___Domain,Common,SC_USER_3,SC_USER
VEE_Exception___Domain,Common,SC_USER_4,SC_USER
VEE_Exception___Domain,Common,CI_ROLE_L,CI_ROLE_L
VEE_Exception___Domain,Common,CI_TD_TYPE_L,CI_TD_TYPE_L
VEE_Exception___Domain,Common,CI_SP_TYPE_L,CI_SP_TYPE_L
VEE_Exception___Domain,Common,D1_SP_TYPE_L,D1_SP_TYPE_L
VEE_Exception___Domain,Common,JoinTree_1,D1_VEE_EXCP
Account_Alert___Domain,Customer Operations,CI_ACCT,CI_ACCT
Account_Alert___Domain,Customer Operations,CI_ACCT_PER,CI_ACCT_PER
Account_Alert___Domain,Customer Operations,CI_LOOKUP_VAL_L,CI_LOOKUP_VAL_L
Account_Alert___Domain,Customer Operations,CI_BILL_CYC_L,CI_BILL_CYC_L
Account_Alert___Domain,Customer Operations,CI_CIS_DIVISION_L,CI_CIS_DIVISION_L
Account_Alert___Domain,Customer Operations,CI_COLL_CL_L,CI_COLL_CL_L
Account_Alert___Domain,Customer Operations,CI_CUST_CL_L,CI_CUST_CL_L
Account_Alert___Domain,Customer Operations,CI_BUD_PLAN_L,CI_BUD_PLAN_L
Account_Alert___Domain,Customer Operations,SC_USER,SC_USER
Account_Alert___Domain,Customer Operations,CI_ACCT_ALERT,CI_ACCT_ALERT
Account_Alert___Domain,Customer Operations,CI_ALERT_TYPE_L,CI_ALERT_TYPE_L
Account_Alert___Domain,Customer Operations,CI_PER_NAME,CI_PER_NAME
Account_Alert___Domain,Customer Operations,CI_SA,CI_SA
Account_Alert___Domain,Customer Operations,CI_BSEG,CI_BSEG
Account_Alert___Domain,Customer Operations,CI_BSEG_CALC,CI_BSEG_CALC
Account_Alert___Domain,Customer Operations,C1_PER_CONTDET,C1_PER_CONTDET
Account_Alert___Domain,Customer Operations,JoinTree_1,CI_ACCT
Account_Characteristics___Domain,Customer Operations,CI_ACCT,CI_ACCT
Account_Characteristics___Domain,Customer Operations,CI_ACCT_CHAR,CI_ACCT_CHAR
Account_Characteristics___Domain,Customer Operations,CI_CHAR_TYPE_L,CI_CHAR_TYPE_L
Account_Characteristics___Domain,Customer Operations,CI_PER,CI_PER
Account_Characteristics___Domain,Customer Operations,CI_ACCT_PER,CI_ACCT_PER
Account_Characteristics___Domain,Customer Operations,JoinTree_2,CI_ACCT
C_Side___Domain,Customer Operations,CI_ACCT,CI_ACCT
C_Side___Domain,Customer Operations,CI_ACCT_PER,CI_ACCT_PER
C_Side___Domain,Customer Operations,CI_SA,CI_SA
C_Side___Domain,Customer Operations,CI_SA_TYPE,CI_SA_TYPE
C_Side___Domain,Customer Operations,CI_SA_TYPE_L,CI_SA_TYPE_L
C_Side___Domain,Customer Operations,CI_LOOKUP_VAL_L,CI_LOOKUP_VAL_L
C_Side___Domain,Customer Operations,CI_LOOKUP_VAL_L_1,CI_LOOKUP_VAL_L
C_Side___Domain,Customer Operations,CI_LOOKUP_VAL_L_2,CI_LOOKUP_VAL_L
C_Side___Domain,Customer Operations,CI_LOOKUP_VAL_L_3,CI_LOOKUP_VAL_L
C_Side___Domain,Customer Operations,CI_LOOKUP_VAL_L_4,CI_LOOKUP_VAL_L
C_Side___Domain,Customer Operations,CI_LOOKUP_VAL_L_5,CI_LOOKUP_VAL_L
C_Side___Domain,Customer Operations,CI_LOOKUP_VAL_L_6,CI_LOOKUP_VAL_L
C_Side___Domain,Customer Operations,CI_BILL_CYC_L,CI_BILL_CYC_L
C_Side___Domain,Customer Operations,CI_CIS_DIVISION_L,CI_CIS_DIVISION_L
C_Side___Domain,Customer Operations,CI_COLL_CL_L,CI_COLL_CL_L
C_Side___Domain,Customer Operations,CI_CUST_CL_L,CI_CUST_CL_L
C_Side___Domain,Customer Operations,CI_BUD_PLAN_L,CI_BUD_PLAN_L
C_Side___Domain,Customer Operations,SC_USER,SC_USER
C_Side___Domain,Customer Operations,CI_NB_RULE_L,CI_NB_RULE_L
C_Side___Domain,Customer Operations,CI_PROP_DCL_RSN_L,CI_PROP_DCL_RSN_L
C_Side___Domain,Customer Operations,CI_SIC_L,CI_SIC_L
C_Side___Domain,Customer Operations,CI_SS_OPT_L,CI_SS_OPT_L
C_Side___Domain,Customer Operations,CI_DEBT_CL_L,CI_DEBT_CL_L
C_Side___Domain,Customer Operations,CI_DEP_CL_L,CI_DEP_CL_L
C_Side___Domain,Customer Operations,CI_REV_CL_L,CI_REV_CL_L
C_Side___Domain,Customer Operations,CI_SVC_TYPE_L,CI_SVC_TYPE_L
C_Side___Domain,Customer Operations,CI_WO_DEBT_CL_L,CI_WO_DEBT_CL_L
C_Side___Domain,Customer Operations,CI_PER,CI_PER
C_Side___Domain,Customer Operations,CI_PER_NAME,CI_PER_NAME
C_Side___Domain,Customer Operations,JoinTree_1,CI_SA
Case___Domain,Customer Operations,CI_CASE,CI_CASE
Case___Domain,Customer Operations,CI_CASE_STATUS_L,CI_CASE_STATUS_L
Case___Domain,Customer Operations,CI_CASE_STATUS_L_1,CI_CASE_STATUS_L
Case___Domain,Customer Operations,CI_CASE_STATUS_L_2,CI_CASE_STATUS_L
Case___Domain,Customer Operations,CI_CASE_TYPE_L,CI_CASE_TYPE_L
Case___Domain,Customer Operations,CI_CASE_TYPE_L_1,CI_CASE_TYPE_L
Case___Domain,Customer Operations,CI_PREM,CI_PREM
Case___Domain,Customer Operations,CI_LOOKUP_VAL_L,CI_LOOKUP_VAL_L
Case___Domain,Customer Operations,CI_LOOKUP_VAL_L_1,CI_LOOKUP_VAL_L
Case___Domain,Customer Operations,SC_USER,SC_USER
Case___Domain,Customer Operations,SC_USER_1,SC_USER
Case___Domain,Customer Operations,CI_PHONE_TYPE_L,CI_PHONE_TYPE_L
Case___Domain,Customer Operations,CI_PER_NAME,CI_PER_NAME
Case___Domain,Customer Operations,CI_PER_NAME_1,CI_PER_NAME
Case___Domain,Customer Operations,CI_ACCT,CI_ACCT
Case___Domain,Customer Operations,CI_BILL_CYC_L,CI_BILL_CYC_L
Case___Domain,Customer Operations,CI_COLL_CL_L,CI_COLL_CL_L
Case___Domain,Customer Operations,CI_CUST_CL_L,CI_CUST_CL_L
Case___Domain,Customer Operations,CI_BUD_PLAN_L,CI_BUD_PLAN_L
Case___Domain,Customer Operations,CI_ACCT_MGMT_GR_L,CI_ACCT_MGMT_GR_L
Case___Domain,Customer Operations,CI_PREM_TYPE_L,CI_PREM_TYPE_L
Case___Domain,Customer Operations,CI_MR_INSTR_L,CI_MR_INSTR_L
Case___Domain,Customer Operations,CI_MR_WARN_L,CI_MR_WARN_L
Case___Domain,Customer Operations,CI_TREND_AREA_L,CI_TREND_AREA_L
Case___Domain,Customer Operations,CI_STATE_L,CI_STATE_L
Case___Domain,Customer Operations,CI_TIME_ZONE_L,CI_TIME_ZONE_L
Case___Domain,Customer Operations,CMS_CI_CASE_LOG_VW,CMS_CI_CASE_LOG_VW
Case___Domain,Customer Operations,CMS_CI_CASE_VW,CMS_CI_CASE_VW
Case___Domain,Customer Operations,JoinTree_1,CI_CASE
Case___Domain,Customer Operations,JoinTree_4,CMS_CI_CASE_LOG_VW
Customer_Contact___Domain,Customer Operations,CI_CC,CI_CC
Customer_Contact___Domain,Customer Operations,CI_CC_TYPE_L,CI_CC_TYPE_L
Customer_Contact___Domain,Customer Operations,CI_CC_CL_L,CI_CC_CL_L
Customer_Contact___Domain,Customer Operations,CI_LOOKUP_VAL_L,CI_LOOKUP_VAL_L
Customer_Contact___Domain,Customer Operations,CI_LOOKUP_VAL_L_1,CI_LOOKUP_VAL_L
Customer_Contact___Domain,Customer Operations,CI_LOOKUP_VAL_L_2,CI_LOOKUP_VAL_L
Customer_Contact___Domain,Customer Operations,CI_LETTER_TMPL_L,CI_LETTER_TMPL_L
Customer_Contact___Domain,Customer Operations,CI_PREM,CI_PREM
Customer_Contact___Domain,Customer Operations,SC_USER,SC_USER
Customer_Contact___Domain,Customer Operations,CI_PER_NAME,CI_PER_NAME
Customer_Contact___Domain,Customer Operations,CI_ACCT,CI_ACCT
Customer_Contact___Domain,Customer Operations,CI_BILL_CYC_L,CI_BILL_CYC_L
Customer_Contact___Domain,Customer Operations,CI_COLL_CL_L,CI_COLL_CL_L
Customer_Contact___Domain,Customer Operations,CI_BUD_PLAN_L,CI_BUD_PLAN_L
Customer_Contact___Domain,Customer Operations,CI_ACCT_MGMT_GR_L,CI_ACCT_MGMT_GR_L
Customer_Contact___Domain,Customer Operations,CI_PREM_TYPE_L,CI_PREM_TYPE_L
Customer_Contact___Domain,Customer Operations,CI_MR_INSTR_L,CI_MR_INSTR_L
Customer_Contact___Domain,Customer Operations,CI_TIME_ZONE_L,CI_TIME_ZONE_L
Customer_Contact___Domain,Customer Operations,CI_CUST_CL_L,CI_CUST_CL_L
Customer_Contact___Domain,Customer Operations,CI_MR_WARN_L,CI_MR_WARN_L
Customer_Contact___Domain,Customer Operations,JoinTree_1,CI_CC
Customer___Domain,Customer Operations,CI_PER,CI_PER
Customer___Domain,Customer Operations,CMS_CI_PER_ID_VW,CMS_CI_PER_ID_VW
Customer___Domain,Customer Operations,CMS_CI_PER_NAME_VW,CMS_CI_PER_NAME_VW
Customer___Domain,Customer Operations,CMS_CI_PER_CHAR_VW,CMS_CI_PER_CHAR_VW
Customer___Domain,Customer Operations,CMS_CI_PER_PER_VW,CMS_CI_PER_PER_VW
Customer___Domain,Customer Operations,CMS_CI_PER_CONTDET_VW,CMS_CI_PER_CONTDET_VW
Customer___Domain,Customer Operations,CI_LOOKUP_VAL_L,CI_LOOKUP_VAL_L
Customer___Domain,Customer Operations,CI_LOOKUP_VAL_L_1,CI_LOOKUP_VAL_L
Customer___Domain,Customer Operations,CI_LOOKUP_VAL_L_2,CI_LOOKUP_VAL_L
Customer___Domain,Customer Operations,CI_LOOKUP_VAL_L_3,CI_LOOKUP_VAL_L
Customer___Domain,Customer Operations,CI_TIME_ZONE_L,CI_TIME_ZONE_L
Customer___Domain,Customer Operations,CI_PER_PER,CI_PER_PER
Customer___Domain,Customer Operations,CI_PER_REL_TYPE_L,CI_PER_REL_TYPE_L
Customer___Domain,Customer Operations,JoinTree_1,CI_PER
Landlord_Agreement___Domain,Customer Operations,CI_ACCT,CI_ACCT
Landlord_Agreement___Domain,Customer Operations,CI_ACCT_PER,CI_ACCT_PER
Landlord_Agreement___Domain,Customer Operations,CI_LOOKUP_VAL_L,CI_LOOKUP_VAL_L
Landlord_Agreement___Domain,Customer Operations,CI_CIS_DIVISION_L,CI_CIS_DIVISION_L
Landlord_Agreement___Domain,Customer Operations,CI_PREM,CI_PREM
Landlord_Agreement___Domain,Customer Operations,CI_LL_DETAIL,CI_LL_DETAIL
Landlord_Agreement___Domain,Customer Operations,CI_LANDLORD,CI_LANDLORD
Landlord_Agreement___Domain,Customer Operations,CI_PREM_TYPE_L,CI_PREM_TYPE_L
Landlord_Agreement___Domain,Customer Operations,CI_TIME_ZONE_L,CI_TIME_ZONE_L
Landlord_Agreement___Domain,Customer Operations,CI_STATE_L,CI_STATE_L
Landlord_Agreement___Domain,Customer Operations,CI_PER_NAME,CI_PER_NAME
Landlord_Agreement___Domain,Customer Operations,JoinTree_1,CI_LANDLORD
Premise___Domain,Customer Operations,CI_PREM,CI_PREM
Premise___Domain,Customer Operations,CI_PREM_CHAR,CI_PREM_CHAR
Premise___Domain,Customer Operations,CI_SA,CI_SA
Premise___Domain,Customer Operations,CI_ACCT,CI_ACCT
Premise___Domain,Customer Operations,CI_ACCT_PER,CI_ACCT_PER
Premise___Domain,Customer Operations,CI_PER_NAME,CI_PER_NAME
Premise___Domain,Customer Operations,CI_PREM_TYPE_L,CI_PREM_TYPE_L
Premise___Domain,Customer Operations,CI_MR_INSTR_L,CI_MR_INSTR_L
Premise___Domain,Customer Operations,CI_MR_WARN_L,CI_MR_WARN_L
Premise___Domain,Customer Operations,CI_TREND_AREA_L,CI_TREND_AREA_L
Premise___Domain,Customer Operations,CI_TIME_ZONE_L,CI_TIME_ZONE_L
Premise___Domain,Customer Operations,CI_GEO_TYPE_L,CI_GEO_TYPE_L
Premise___Domain,Customer Operations,CI_LOOKUP_VAL_L,CI_LOOKUP_VAL_L
Premise___Domain,Customer Operations,CI_PROP_DCL_RSN_L,CI_PROP_DCL_RSN_L
Premise___Domain,Customer Operations,CI_SA_TYPE_L,CI_SA_TYPE_L
Premise___Domain,Customer Operations,CI_SS_OPT_L,CI_SS_OPT_L
Premise___Domain,Customer Operations,SC_USER,SC_USER
Premise___Domain,Customer Operations,CI_BILL_CYC_L,CI_BILL_CYC_L
Premise___Domain,Customer Operations,CI_ACCT_MGMT_GR_L,CI_ACCT_MGMT_GR_L
Premise___Domain,Customer Operations,CI_COLL_CL_L,CI_COLL_CL_L
Premise___Domain,Customer Operations,CI_CUST_CL_L,CI_CUST_CL_L
Premise___Domain,Customer Operations,CI_BUD_PLAN_L,CI_BUD_PLAN_L
Premise___Domain,Customer Operations,CI_SA_SP,CI_SA_SP
Premise___Domain,Customer Operations,CMS_CI_PREM_GEO_GEOTYPE_VW,CMS_CI_PREM_GEO_GEOTYPE_VW
Premise___Domain,Customer Operations,CI_ACC_GRP_L,CI_ACC_GRP_L
Premise___Domain,Customer Operations,CI_SP,CI_SP
Premise___Domain,Customer Operations,JoinTree_1,CI_PREM
Service_Agreement___Domain,Customer Operations,CI_SA_CONTERM,CI_SA_CONTERM
Service_Agreement___Domain,Customer Operations,CI_TOU_CONT_VAL,CI_TOU_CONT_VAL
Service_Agreement___Domain,Customer Operations,CI_SA,CI_SA
Service_Agreement___Domain,Customer Operations,CI_ACCT,CI_ACCT
Service_Agreement___Domain,Customer Operations,CI_ACCT_PER,CI_ACCT_PER
Service_Agreement___Domain,Customer Operations,CI_PER_NAME,CI_PER_NAME
Service_Agreement___Domain,Customer Operations,CI_PREM,CI_PREM
Service_Agreement___Domain,Customer Operations,CI_SA_TYPE,CI_SA_TYPE
Service_Agreement___Domain,Customer Operations,CI_BF_L,CI_BF_L
Service_Agreement___Domain,Customer Operations,CI_TAX_EX_TYPE_L,CI_TAX_EX_TYPE_L
Service_Agreement___Domain,Customer Operations,CI_TOU_GRP_L,CI_TOU_GRP_L
Service_Agreement___Domain,Customer Operations,CI_TOU_L,CI_TOU_L
Service_Agreement___Domain,Customer Operations,CI_LOOKUP_VAL_L,CI_LOOKUP_VAL_L
Service_Agreement___Domain,Customer Operations,CI_LOOKUP_VAL_L_1,CI_LOOKUP_VAL_L
Service_Agreement___Domain,Customer Operations,CI_BILL_CYC_L,CI_BILL_CYC_L
Service_Agreement___Domain,Customer Operations,CI_CUST_CL_L,CI_CUST_CL_L
Service_Agreement___Domain,Customer Operations,CI_COLL_CL_L,CI_COLL_CL_L
Service_Agreement___Domain,Customer Operations,CI_CIS_DIVISION_L,CI_CIS_DIVISION_L
Service_Agreement___Domain,Customer Operations,CI_PREM_TYPE_L,CI_PREM_TYPE_L
Service_Agreement___Domain,Customer Operations,CI_SA_TYPE_L,CI_SA_TYPE_L
Service_Agreement___Domain,Customer Operations,JoinTree_1,CI_SA_CONTERM
Collection_Process_Domain,Debt Management,CI_COLL_PROC,CI_COLL_PROC
Collection_Process_Domain,Debt Management,CI_COLL_EVT,CI_COLL_EVT
Collection_Process_Domain,Debt Management,CI_ACCT_1,CI_ACCT
Collection_Process_Domain,Debt Management,CI_COLL_PROC_TM_L,CI_COLL_PROC_TM_L
Collection_Process_Domain,Debt Management,CI_LOOKUP_VAL_L_1,CI_LOOKUP_VAL_L
Collection_Process_Domain,Debt Management,CI_LOOKUP_VAL_L_3,CI_LOOKUP_VAL_L
Collection_Process_Domain,Debt Management,CI_LOOKUP_VAL_L_4,CI_LOOKUP_VAL_L
Collection_Process_Domain,Debt Management,CI_LOOKUP_VAL_L_5,CI_LOOKUP_VAL_L
Collection_Process_Domain,Debt Management,CI_LOOKUP_VAL_L_6,CI_LOOKUP_VAL_L
Collection_Process_Domain,Debt Management,CI_COLL_CL_L_1,CI_COLL_CL_L
Collection_Process_Domain,Debt Management,CI_COLL_EVT_TYP_L,CI_COLL_EVT_TYP_L
Collection_Process_Domain,Debt Management,CI_ACCT_PER_1,CI_ACCT_PER
Collection_Process_Domain,Debt Management,CI_PER_NAME_1,CI_PER_NAME
Collection_Process_Domain,Debt Management,CI_COLL_CL_CNTL_L,CI_COLL_CL_CNTL_L
Collection_Process_Domain,Debt Management,CI_BILL_CYC_L,CI_BILL_CYC_L
Collection_Process_Domain,Debt Management,CI_ACCT_MGMT_GR_L,CI_ACCT_MGMT_GR_L
Collection_Process_Domain,Debt Management,CI_CUST_CL_L,CI_CUST_CL_L
Collection_Process_Domain,Debt Management,CI_BUD_PLAN_L,CI_BUD_PLAN_L
Collection_Process_Domain,Debt Management,JoinTree_3,CI_COLL_PROC
SA_Snapshot___Aged_Balance___Domain,Debt Management,CMS_SA_SNAPSHOT,CMS_SA_SNAPSHOT
SA_Snapshot___Aged_Balance___Domain,Debt Management,CI_SA,CI_SA
SA_Snapshot___Aged_Balance___Domain,Debt Management,CI_SA_TYPE_L,CI_SA_TYPE_L
SA_Snapshot___Aged_Balance___Domain,Debt Management,CI_PER_NAME,CI_PER_NAME
SA_Snapshot___Aged_Balance___Domain,Debt Management,CI_PER_NAME_1,CI_PER_NAME
SA_Snapshot___Aged_Balance___Domain,Debt Management,CI_PREM,CI_PREM
SA_Snapshot___Aged_Balance___Domain,Debt Management,CI_ACCT,CI_ACCT
SA_Snapshot___Aged_Balance___Domain,Debt Management,CI_ACCT_1,CI_ACCT
SA_Snapshot___Aged_Balance___Domain,Debt Management,CI_BILL_CYC_L,CI_BILL_CYC_L
SA_Snapshot___Aged_Balance___Domain,Debt Management,CI_BILL_CYC_L_1,CI_BILL_CYC_L
SA_Snapshot___Aged_Balance___Domain,Debt Management,CI_ACCT_MGMT_GR_L,CI_ACCT_MGMT_GR_L
SA_Snapshot___Aged_Balance___Domain,Debt Management,CI_ACCT_MGMT_GR_L_1,CI_ACCT_MGMT_GR_L
SA_Snapshot___Aged_Balance___Domain,Debt Management,CI_COLL_CL_L,CI_COLL_CL_L
SA_Snapshot___Aged_Balance___Domain,Debt Management,CI_COLL_CL_L_1,CI_COLL_CL_L
SA_Snapshot___Aged_Balance___Domain,Debt Management,CI_CUST_CL_L,CI_CUST_CL_L
SA_Snapshot___Aged_Balance___Domain,Debt Management,CI_CUST_CL_L_1,CI_CUST_CL_L
SA_Snapshot___Aged_Balance___Domain,Debt Management,CI_BUD_PLAN_L,CI_BUD_PLAN_L
SA_Snapshot___Aged_Balance___Domain,Debt Management,CI_BUD_PLAN_L_1,CI_BUD_PLAN_L
SA_Snapshot___Aged_Balance___Domain,Debt Management,CI_LOOKUP_VAL_L,CI_LOOKUP_VAL_L
SA_Snapshot___Aged_Balance___Domain,Debt Management,CI_LOOKUP_VAL_L_1,CI_LOOKUP_VAL_L
SA_Snapshot___Aged_Balance___Domain,Debt Management,CI_LOOKUP_VAL_L_2,CI_LOOKUP_VAL_L
SA_Snapshot___Aged_Balance___Domain,Debt Management,CI_PREM_TYPE_L,CI_PREM_TYPE_L
SA_Snapshot___Aged_Balance___Domain,Debt Management,CI_MR_INSTR_L,CI_MR_INSTR_L
SA_Snapshot___Aged_Balance___Domain,Debt Management,CI_MR_WARN_L,CI_MR_WARN_L
SA_Snapshot___Aged_Balance___Domain,Debt Management,CI_TREND_AREA_L,CI_TREND_AREA_L
SA_Snapshot___Aged_Balance___Domain,Debt Management,CI_STATE_L,CI_STATE_L
SA_Snapshot___Aged_Balance___Domain,Debt Management,CI_TIME_ZONE_L,CI_TIME_ZONE_L
SA_Snapshot___Aged_Balance___Domain,Debt Management,JoinTree_1,CMS_SA_SNAPSHOT
Severance_Process___Domain,Debt Management,CI_LOOKUP_VAL_L,CI_LOOKUP_VAL_L
Severance_Process___Domain,Debt Management,CI_LOOKUP_VAL_L_1,CI_LOOKUP_VAL_L
Severance_Process___Domain,Debt Management,CI_LOOKUP_VAL_L_2,CI_LOOKUP_VAL_L
Severance_Process___Domain,Debt Management,CI_LOOKUP_VAL_L_3,CI_LOOKUP_VAL_L
Severance_Process___Domain,Debt Management,CI_LOOKUP_VAL_L_4,CI_LOOKUP_VAL_L
Severance_Process___Domain,Debt Management,CI_LOOKUP_VAL_L_5,CI_LOOKUP_VAL_L
Severance_Process___Domain,Debt Management,CI_LOOKUP_VAL_L_6,CI_LOOKUP_VAL_L
Severance_Process___Domain,Debt Management,CI_SA,CI_SA
Severance_Process___Domain,Debt Management,CI_SEV_PROC,CI_SEV_PROC
Severance_Process___Domain,Debt Management,CI_SEV_EVT,CI_SEV_EVT
Severance_Process___Domain,Debt Management,CI_SEV_EVT_TYPE_L,CI_SEV_EVT_TYPE_L
Severance_Process___Domain,Debt Management,CI_SEV_PROC_TMP_L,CI_SEV_PROC_TMP_L
Severance_Process___Domain,Debt Management,CI_PREM,CI_PREM
Severance_Process___Domain,Debt Management,CI_PER_NAME,CI_PER_NAME
Severance_Process___Domain,Debt Management,CI_ACCT,CI_ACCT
Severance_Process___Domain,Debt Management,CI_ACCT_PER,CI_ACCT_PER
Severance_Process___Domain,Debt Management,CI_SA_TYPE_L,CI_SA_TYPE_L
Severance_Process___Domain,Debt Management,CI_ACCT_MGMT_GR_L,CI_ACCT_MGMT_GR_L
Severance_Process___Domain,Debt Management,CI_BILL_CYC_L,CI_BILL_CYC_L
Severance_Process___Domain,Debt Management,CI_CUST_CL_L,CI_CUST_CL_L
Severance_Process___Domain,Debt Management,CI_COLL_CL_L,CI_COLL_CL_L
Severance_Process___Domain,Debt Management,CI_BUD_PLAN_L,CI_BUD_PLAN_L
Severance_Process___Domain,Debt Management,CI_PREM_TYPE_L,CI_PREM_TYPE_L
Severance_Process___Domain,Debt Management,CI_MR_WARN_L,CI_MR_WARN_L
Severance_Process___Domain,Debt Management,CI_MR_INSTR_L,CI_MR_INSTR_L
Severance_Process___Domain,Debt Management,CI_TIME_ZONE_L,CI_TIME_ZONE_L
Severance_Process___Domain,Debt Management,JoinTree_1,CI_SEV_PROC
Write_Off_Process___Domain,Debt Management,CI_LOOKUP_VAL_L,CI_LOOKUP_VAL_L
Write_Off_Process___Domain,Debt Management,CI_LOOKUP_VAL_L_1,CI_LOOKUP_VAL_L
Write_Off_Process___Domain,Debt Management,CI_LOOKUP_VAL_L_2,CI_LOOKUP_VAL_L
Write_Off_Process___Domain,Debt Management,CI_LOOKUP_VAL_L_3,CI_LOOKUP_VAL_L
Write_Off_Process___Domain,Debt Management,CI_LOOKUP_VAL_L_4,CI_LOOKUP_VAL_L
Write_Off_Process___Domain,Debt Management,CI_WO_CNTL_L,CI_WO_CNTL_L
Write_Off_Process___Domain,Debt Management,CI_WO_PROC_TMPL_L,CI_WO_PROC_TMPL_L
Write_Off_Process___Domain,Debt Management,CI_WO_EVT,CI_WO_EVT
Write_Off_Process___Domain,Debt Management,CI_WO_EVT_TYP_L,CI_WO_EVT_TYP_L
Write_Off_Process___Domain,Debt Management,CI_WO_PROC,CI_WO_PROC
Write_Off_Process___Domain,Debt Management,CI_WO_PROC_SA,CI_WO_PROC_SA
Write_Off_Process___Domain,Debt Management,CI_WO_DEBT_CL_L,CI_WO_DEBT_CL_L
Write_Off_Process___Domain,Debt Management,CI_ACCT,CI_ACCT
Write_Off_Process___Domain,Debt Management,CI_ACCT_PER,CI_ACCT_PER
Write_Off_Process___Domain,Debt Management,CI_PER_NAME,CI_PER_NAME
Write_Off_Process___Domain,Debt Management,CI_BILL_CYC_L,CI_BILL_CYC_L
Write_Off_Process___Domain,Debt Management,CI_COLL_CL_L,CI_COLL_CL_L
Write_Off_Process___Domain,Debt Management,CI_CUST_CL_L,CI_CUST_CL_L
Write_Off_Process___Domain,Debt Management,CI_ACCT_MGMT_GR_L,CI_ACCT_MGMT_GR_L
Write_Off_Process___Domain,Debt Management,CI_BUD_PLAN_L,CI_BUD_PLAN_L
Write_Off_Process___Domain,Debt Management,JoinTree_1,CI_WO_PROC
Write_Offs___Domain,Debt Management,C1_BI_WOPROC_VW,C1_BI_WOPROC_VW
Write_Offs___Domain,Debt Management,CI_PER_NAME,CI_PER_NAME
Write_Offs___Domain,Debt Management,CI_LOOKUP_VAL_L,CI_LOOKUP_VAL_L
Write_Offs___Domain,Debt Management,CI_LOOKUP_VAL_L_1,CI_LOOKUP_VAL_L
Write_Offs___Domain,Debt Management,CI_LOOKUP_VAL_L_2,CI_LOOKUP_VAL_L
Write_Offs___Domain,Debt Management,CI_WO_CNTL_L,CI_WO_CNTL_L
Write_Offs___Domain,Debt Management,CI_WO_PROC_TMPL_L,CI_WO_PROC_TMPL_L
Write_Offs___Domain,Debt Management,CI_WO_EVT_TYP_L,CI_WO_EVT_TYP_L
Write_Offs___Domain,Debt Management,CI_WO_EVT_TYP_L_1,CI_WO_EVT_TYP_L
Write_Offs___Domain,Debt Management,JoinTree_1,C1_BI_WOPROC_VW
Crew___Domain,Field Operations,C1_REPRESENTATIVE,C1_REPRESENTATIVE
Crew___Domain,Field Operations,D1_ACTIVITY_CHAR,D1_ACTIVITY_CHAR
Crew___Domain,Field Operations,D1_ACTIVITY,D1_ACTIVITY
Crew___Domain,Field Operations,CMS_D1_ACTIVITY_CHAR_VW,CMS_D1_ACTIVITY_CHAR_VW
Crew___Domain,Field Operations,C1_REPRESENTATIVE_L,C1_REPRESENTATIVE_L
Crew___Domain,Field Operations,F1_BUS_OBJ_L,F1_BUS_OBJ_L
Crew___Domain,Field Operations,F1_BUS_OBJ_L_1,F1_BUS_OBJ_L
Crew___Domain,Field Operations,F1_BUS_OBJ_STATUS_L,F1_BUS_OBJ_STATUS_L
Crew___Domain,Field Operations,F1_BUS_OBJ_STATUS_L_1,F1_BUS_OBJ_STATUS_L
Crew___Domain,Field Operations,F1_BUS_OBJ_STATUS_RSN_L,F1_BUS_OBJ_STATUS_RSN_L
Crew___Domain,Field Operations,F1_BUS_OBJ_STATUS_RSN_L_1,F1_BUS_OBJ_STATUS_RSN_L
Crew___Domain,Field Operations,CI_LOOKUP_VAL_L,CI_LOOKUP_VAL_L
Crew___Domain,Field Operations,CI_LOOKUP_VAL_L_1,CI_LOOKUP_VAL_L
Crew___Domain,Field Operations,SC_USER,SC_USER
Crew___Domain,Field Operations,SC_USER_1,SC_USER
Crew___Domain,Field Operations,CI_NT_XID_L,CI_NT_XID_L
Crew___Domain,Field Operations,D1_ACTIVITY_TYPE_L,D1_ACTIVITY_TYPE_L
Crew___Domain,Field Operations,F1_EXT_LOOKUP_VAL_L,F1_EXT_LOOKUP_VAL_L
Crew___Domain,Field Operations,F1_EXT_LOOKUP_VAL_L_1,F1_EXT_LOOKUP_VAL_L
Crew___Domain,Field Operations,F1_EXT_LOOKUP_VAL_L_2,F1_EXT_LOOKUP_VAL_L
Crew___Domain,Field Operations,D1_ACTIVITY_TYPE,D1_ACTIVITY_TYPE
Crew___Domain,Field Operations,CMS_D1_ACTIVITY_D1FA_BODA_VW,CMS_D1_ACTIVITY_D1FA_BODA_VW
Crew___Domain,Field Operations,CMS_C1_REPRESENTATIVE_BODA_VW,CMS_C1_REPRESENTATIVE_BODA_VW
Crew___Domain,Field Operations,JoinTree_1,C1_REPRESENTATIVE
Field_Activity___Domain,Field Operations,D1_ACTIVITY,D1_ACTIVITY
Field_Activity___Domain,Field Operations,CMS_D1_ACTIVITY_D1FA_BODA_VW,CMS_D1_ACTIVITY_D1FA_BODA_VW
Field_Activity___Domain,Field Operations,CI_LOOKUP_VAL_L,CI_LOOKUP_VAL_L
Field_Activity___Domain,Field Operations,CI_LOOKUP_VAL_L_1,CI_LOOKUP_VAL_L
Field_Activity___Domain,Field Operations,CI_LOOKUP_VAL_L_2,CI_LOOKUP_VAL_L
Field_Activity___Domain,Field Operations,CI_LOOKUP_VAL_L_3,CI_LOOKUP_VAL_L
Field_Activity___Domain,Field Operations,D1_ACTIVITY_TYPE_L,D1_ACTIVITY_TYPE_L
Field_Activity___Domain,Field Operations,F1_BUS_OBJ_STATUS_L,F1_BUS_OBJ_STATUS_L
Field_Activity___Domain,Field Operations,F1_BUS_OBJ_STATUS_L_1,F1_BUS_OBJ_STATUS_L
Field_Activity___Domain,Field Operations,F1_BUS_OBJ_STATUS_RSN_L,F1_BUS_OBJ_STATUS_RSN_L
Field_Activity___Domain,Field Operations,F1_BUS_OBJ_STATUS_RSN_L_1,F1_BUS_OBJ_STATUS_RSN_L
Field_Activity___Domain,Field Operations,F1_BUS_OBJ_L,F1_BUS_OBJ_L
Field_Activity___Domain,Field Operations,F1_BUS_OBJ_L_1,F1_BUS_OBJ_L
Field_Activity___Domain,Field Operations,F1_EXT_LOOKUP_VAL_L,F1_EXT_LOOKUP_VAL_L
Field_Activity___Domain,Field Operations,F1_EXT_LOOKUP_VAL_L_1,F1_EXT_LOOKUP_VAL_L
Field_Activity___Domain,Field Operations,F1_EXT_LOOKUP_VAL_L_2,F1_EXT_LOOKUP_VAL_L
Field_Activity___Domain,Field Operations,D1_ACTIVITY_TYPE,D1_ACTIVITY_TYPE
Field_Activity___Domain,Field Operations,D1_ACTIVITY_REL,D1_ACTIVITY_REL
Field_Activity___Domain,Field Operations,D1_ACTIVITY_REL_OBJ,D1_ACTIVITY_REL_OBJ
Field_Activity___Domain,Field Operations,D1_SP,D1_SP
Field_Activity___Domain,Field Operations,CI_ACC_GRP_L,CI_ACC_GRP_L
Field_Activity___Domain,Field Operations,D1_SP_TYPE_L,D1_SP_TYPE_L
Field_Activity___Domain,Field Operations,D1_MKT_L,D1_MKT_L
Field_Activity___Domain,Field Operations,D1_MSRMT_CYC_L,D1_MSRMT_CYC_L
Field_Activity___Domain,Field Operations,D1_MSRMT_CYC_RTE_L,D1_MSRMT_CYC_RTE_L
Field_Activity___Domain,Field Operations,CI_STATE_L,CI_STATE_L
Field_Activity___Domain,Field Operations,CI_TIME_ZONE_L,CI_TIME_ZONE_L
Field_Activity___Domain,Field Operations,C1_REPRESENTATIVE_L,C1_REPRESENTATIVE_L
Field_Activity___Domain,Field Operations,SC_USER,SC_USER
Field_Activity___Domain,Field Operations,JoinTree_1,D1_ACTIVITY
Billable_Charge___Domain,Finance,CI_ACCT,CI_ACCT
Billable_Charge___Domain,Finance,CI_ACCT_PER,CI_ACCT_PER
Billable_Charge___Domain,Finance,CI_SA,CI_SA
Billable_Charge___Domain,Finance,CI_SA_TYPE,CI_SA_TYPE
Billable_Charge___Domain,Finance,CI_SA_TYPE_L,CI_SA_TYPE_L
Billable_Charge___Domain,Finance,CI_LOOKUP_VAL_L,CI_LOOKUP_VAL_L
Billable_Charge___Domain,Finance,CI_LOOKUP_VAL_L_1,CI_LOOKUP_VAL_L
Billable_Charge___Domain,Finance,CI_LOOKUP_VAL_L_2,CI_LOOKUP_VAL_L
Billable_Charge___Domain,Finance,CI_LOOKUP_VAL_L_3,CI_LOOKUP_VAL_L
Billable_Charge___Domain,Finance,CI_LOOKUP_VAL_L_4,CI_LOOKUP_VAL_L
Billable_Charge___Domain,Finance,CI_BILL_CYC_L,CI_BILL_CYC_L
Billable_Charge___Domain,Finance,CI_CIS_DIVISION_L,CI_CIS_DIVISION_L
Billable_Charge___Domain,Finance,CI_PREM,CI_PREM
Billable_Charge___Domain,Finance,CI_COLL_CL_L,CI_COLL_CL_L
Billable_Charge___Domain,Finance,CI_CUST_CL_L,CI_CUST_CL_L
Billable_Charge___Domain,Finance,CI_BUD_PLAN_L,CI_BUD_PLAN_L
Billable_Charge___Domain,Finance,SC_USER,SC_USER
Billable_Charge___Domain,Finance,CI_NB_RULE_L,CI_NB_RULE_L
Billable_Charge___Domain,Finance,CI_PROP_DCL_RSN_L,CI_PROP_DCL_RSN_L
Billable_Charge___Domain,Finance,CI_SIC_L,CI_SIC_L
Billable_Charge___Domain,Finance,CI_SS_OPT_L,CI_SS_OPT_L
Billable_Charge___Domain,Finance,CI_PER_NAME,CI_PER_NAME
Billable_Charge___Domain,Finance,CI_BILL_CHG,CI_BILL_CHG
Billable_Charge___Domain,Finance,CI_B_CHG_LINE,CI_B_CHG_LINE
Billable_Charge___Domain,Finance,JoinTree_1,CI_SA
FT_and_GL_Snapshot___Domain,Finance,FT_GL_DISTRIBUTION_RPT_CURR,FT_GL_DISTRIBUTION_RPT_CURR
Financial_Transaction_Snapshot___Domain,Finance,FT_RPT_CURR,FT_RPT_CURR
Financial_Transaction___Domain,Finance,CI_FT,CI_FT
Financial_Transaction___Domain,Finance,CI_SA,CI_SA
Financial_Transaction___Domain,Finance,CI_ACCT_PER,CI_ACCT_PER
Financial_Transaction___Domain,Finance,CI_PER_NAME,CI_PER_NAME
Financial_Transaction___Domain,Finance,CI_SA_TYPE_L,CI_SA_TYPE_L
Financial_Transaction___Domain,Finance,CI_PREM,CI_PREM
Financial_Transaction___Domain,Finance,CI_BSEG,CI_BSEG
Financial_Transaction___Domain,Finance,CI_LOOKUP_VAL_L,CI_LOOKUP_VAL_L
Financial_Transaction___Domain,Finance,CI_LOOKUP_VAL_L_1,CI_LOOKUP_VAL_L
Financial_Transaction___Domain,Finance,CI_LOOKUP_VAL_L_2,CI_LOOKUP_VAL_L
Financial_Transaction___Domain,Finance,CI_LOOKUP_VAL_L_3,CI_LOOKUP_VAL_L
Financial_Transaction___Domain,Finance,CI_LOOKUP_VAL_L_4,CI_LOOKUP_VAL_L
Financial_Transaction___Domain,Finance,CI_LOOKUP_VAL_L_5,CI_LOOKUP_VAL_L
Financial_Transaction___Domain,Finance,CI_GL_DIVISION_L,CI_GL_DIVISION_L
Financial_Transaction___Domain,Finance,SC_USER,SC_USER
Financial_Transaction___Domain,Finance,CI_BILL_CYC_L,CI_BILL_CYC_L
Financial_Transaction___Domain,Finance,CI_BILL_CYC_L_1,CI_BILL_CYC_L
Financial_Transaction___Domain,Finance,CI_BILL_CAN_RSN_L,CI_BILL_CAN_RSN_L
Financial_Transaction___Domain,Finance,CI_PAY_SEG,CI_PAY_SEG
Financial_Transaction___Domain,Finance,CI_ADJ,CI_ADJ
Financial_Transaction___Domain,Finance,CI_PREM_TYPE_L,CI_PREM_TYPE_L
Financial_Transaction___Domain,Finance,CI_MR_INSTR_L,CI_MR_INSTR_L
Financial_Transaction___Domain,Finance,CI_MR_WARN_L,CI_MR_WARN_L
Financial_Transaction___Domain,Finance,CI_TREND_AREA_L,CI_TREND_AREA_L
Financial_Transaction___Domain,Finance,CI_STATE_L,CI_STATE_L
Financial_Transaction___Domain,Finance,CI_TIME_ZONE_L,CI_TIME_ZONE_L
Financial_Transaction___Domain,Finance,CI_ACCT,CI_ACCT
Financial_Transaction___Domain,Finance,CI_ACCT_MGMT_GR_L,CI_ACCT_MGMT_GR_L
Financial_Transaction___Domain,Finance,CI_COLL_CL_L,CI_COLL_CL_L
Financial_Transaction___Domain,Finance,CI_CUST_CL_L,CI_CUST_CL_L
Financial_Transaction___Domain,Finance,CI_BUD_PLAN_L,CI_BUD_PLAN_L
Financial_Transaction___Domain,Finance,CI_ADJ_TYPE_L,CI_ADJ_TYPE_L
Financial_Transaction___Domain,Finance,CI_ADJ_CAN_RSN_L,CI_ADJ_CAN_RSN_L
Financial_Transaction___Domain,Finance,CI_BAL_CTL_GRP,CI_BAL_CTL_GRP
Financial_Transaction___Domain,Finance,JoinTree_1,CI_FT
Asset___Domain,Meter Operations,W1_ASSET,W1_ASSET
Asset___Domain,Meter Operations,W1_ASSET_CHAR,W1_ASSET_CHAR
Asset___Domain,Meter Operations,W1_ASSET_IDENTIFIER,W1_ASSET_IDENTIFIER
Asset___Domain,Meter Operations,W1_ASSET_NODE,W1_ASSET_NODE
Asset___Domain,Meter Operations,W1_NODE,W1_NODE
Asset___Domain,Meter Operations,W1_NODE_1,W1_NODE
Asset___Domain,Meter Operations,W1_ASSET_TYPE_L,W1_ASSET_TYPE_L
Asset___Domain,Meter Operations,F1_BUS_OBJ_L,F1_BUS_OBJ_L
Asset___Domain,Meter Operations,F1_BUS_OBJ_L_1,F1_BUS_OBJ_L
Asset___Domain,Meter Operations,F1_BUS_OBJ_STATUS_L,F1_BUS_OBJ_STATUS_L
Asset___Domain,Meter Operations,F1_BUS_OBJ_STATUS_RSN_L,F1_BUS_OBJ_STATUS_RSN_L
Asset___Domain,Meter Operations,CI_LOOKUP_VAL_L,CI_LOOKUP_VAL_L
Asset___Domain,Meter Operations,CI_LOOKUP_VAL_L_1,CI_LOOKUP_VAL_L
Asset___Domain,Meter Operations,CI_LOOKUP_VAL_L_2,CI_LOOKUP_VAL_L
Asset___Domain,Meter Operations,CI_LOOKUP_VAL_L_3,CI_LOOKUP_VAL_L
Asset___Domain,Meter Operations,CI_LOOKUP_VAL_L_4,CI_LOOKUP_VAL_L
Asset___Domain,Meter Operations,CI_LOOKUP_VAL_L_5,CI_LOOKUP_VAL_L
Asset___Domain,Meter Operations,CI_LOOKUP_VAL_L_6,CI_LOOKUP_VAL_L
Asset___Domain,Meter Operations,CI_LOOKUP_VAL_L_7,CI_LOOKUP_VAL_L
Asset___Domain,Meter Operations,CI_LOOKUP_VAL_L_8,CI_LOOKUP_VAL_L
Asset___Domain,Meter Operations,CI_LOOKUP_VAL_L_9,CI_LOOKUP_VAL_L
Asset___Domain,Meter Operations,CI_LOOKUP_VAL_L_10,CI_LOOKUP_VAL_L
Asset___Domain,Meter Operations,CI_LOOKUP_VAL_L_11,CI_LOOKUP_VAL_L
Asset___Domain,Meter Operations,CI_LOOKUP_VAL_L_12,CI_LOOKUP_VAL_L
Asset___Domain,Meter Operations,W1_SPECIFICATION_L,W1_SPECIFICATION_L
Asset___Domain,Meter Operations,W1_SPECIFICATION_L_1,W1_SPECIFICATION_L
Asset___Domain,Meter Operations,CI_ACC_GRP_L,CI_ACC_GRP_L
Asset___Domain,Meter Operations,CI_ACC_GRP_L_1,CI_ACC_GRP_L
Asset___Domain,Meter Operations,CI_STATE_L,CI_STATE_L
Asset___Domain,Meter Operations,CI_TIME_ZONE_L,CI_TIME_ZONE_L
Asset___Domain,Meter Operations,W1_SERVICE_AREA_L,W1_SERVICE_AREA_L
Asset___Domain,Meter Operations,W1_APPROVAL_PROF_L,W1_APPROVAL_PROF_L
Asset___Domain,Meter Operations,W1_COST_CENTER_L,W1_COST_CENTER_L
Asset___Domain,Meter Operations,W1_COST_CENTER_L_1,W1_COST_CENTER_L
Asset___Domain,Meter Operations,W1_COST_CENTER_L_2,W1_COST_CENTER_L
Asset___Domain,Meter Operations,W1_COST_CENTER_L_3,W1_COST_CENTER_L
Asset___Domain,Meter Operations,W1_COST_CENTER_L_4,W1_COST_CENTER_L
Asset___Domain,Meter Operations,W1_COST_CENTER_L_5,W1_COST_CENTER_L
Asset___Domain,Meter Operations,W1_EXPENSE_CD_L,W1_EXPENSE_CD_L
Asset___Domain,Meter Operations,W1_EXPENSE_CD_L_1,W1_EXPENSE_CD_L
Asset___Domain,Meter Operations,W1_EXPENSE_CD_L_2,W1_EXPENSE_CD_L
Asset___Domain,Meter Operations,W1_EXPENSE_CD_L_3,W1_EXPENSE_CD_L
Asset___Domain,Meter Operations,W1_BUYER_L,W1_BUYER_L
Asset___Domain,Meter Operations,W1_PLANNER_L,W1_PLANNER_L
Asset___Domain,Meter Operations,W1_MAINTMGR_L,W1_MAINTMGR_L
Asset___Domain,Meter Operations,CMS_W1_ASSET_IDENTIFIER_VW,CMS_W1_ASSET_IDENTIFIER_VW
Asset___Domain,Meter Operations,F1_EXT_LOOKUP_VAL_L,F1_EXT_LOOKUP_VAL_L
Asset___Domain,Meter Operations,F1_EXT_LOOKUP_VAL_L_1,F1_EXT_LOOKUP_VAL_L
Asset___Domain,Meter Operations,W1_NODE_TYPE_L,W1_NODE_TYPE_L
Asset___Domain,Meter Operations,W1_BOM_PART,W1_BOM_PART
Asset___Domain,Meter Operations,W1_VENDOR_LOC,W1_VENDOR_LOC
Asset___Domain,Meter Operations,W1_PROPERTY_UNIT_L,W1_PROPERTY_UNIT_L
Asset___Domain,Meter Operations,JoinTree_1,W1_ASSET
Device___Domain,Meter Operations,D1_DVC,D1_DVC
Device___Domain,Meter Operations,D1_DVC_1,D1_DVC
Device___Domain,Meter Operations,D1_DVC_2,D1_DVC
Device___Domain,Meter Operations,D1_DVC_CFG,D1_DVC_CFG
Device___Domain,Meter Operations,D1_INSTALL_EVT,D1_INSTALL_EVT
Device___Domain,Meter Operations,D1_DVC_TYPE_L,D1_DVC_TYPE_L
Device___Domain,Meter Operations,D1_DVC_TYPE_L_1,D1_DVC_TYPE_L
Device___Domain,Meter Operations,D1_DVC_TYPE_L_2,D1_DVC_TYPE_L
Device___Domain,Meter Operations,F1_BUS_OBJ_L,F1_BUS_OBJ_L
Device___Domain,Meter Operations,F1_BUS_OBJ_L_1,F1_BUS_OBJ_L
Device___Domain,Meter Operations,F1_BUS_OBJ_L_2,F1_BUS_OBJ_L
Device___Domain,Meter Operations,F1_BUS_OBJ_L_3,F1_BUS_OBJ_L
Device___Domain,Meter Operations,F1_BUS_OBJ_L_4,F1_BUS_OBJ_L
Device___Domain,Meter Operations,F1_BUS_OBJ_L_5,F1_BUS_OBJ_L
Device___Domain,Meter Operations,D1_MANUFACTURER_L,D1_MANUFACTURER_L
Device___Domain,Meter Operations,D1_MANUFACTURER_L_1,D1_MANUFACTURER_L
Device___Domain,Meter Operations,D1_MANUFACTURER_L_2,D1_MANUFACTURER_L
Device___Domain,Meter Operations,D1_MODEL_L,D1_MODEL_L
Device___Domain,Meter Operations,D1_MODEL_L_1,D1_MODEL_L
Device___Domain,Meter Operations,D1_MODEL_L_3,D1_MODEL_L
Device___Domain,Meter Operations,D1_SPR_L,D1_SPR_L
Device___Domain,Meter Operations,D1_SPR_L_1,D1_SPR_L
Device___Domain,Meter Operations,D1_SPR_L_2,D1_SPR_L
Device___Domain,Meter Operations,CI_LOOKUP_VAL_L,CI_LOOKUP_VAL_L
Device___Domain,Meter Operations,CI_LOOKUP_VAL_L_1,CI_LOOKUP_VAL_L
Device___Domain,Meter Operations,CI_LOOKUP_VAL_L_2,CI_LOOKUP_VAL_L
Device___Domain,Meter Operations,CI_LOOKUP_VAL_L_3,CI_LOOKUP_VAL_L
Device___Domain,Meter Operations,CI_LOOKUP_VAL_L_4,CI_LOOKUP_VAL_L
Device___Domain,Meter Operations,CI_LOOKUP_VAL_L_5,CI_LOOKUP_VAL_L
Device___Domain,Meter Operations,CI_LOOKUP_VAL_L_6,CI_LOOKUP_VAL_L
Device___Domain,Meter Operations,CI_LOOKUP_VAL_L_7,CI_LOOKUP_VAL_L
Device___Domain,Meter Operations,CI_LOOKUP_VAL_L_8,CI_LOOKUP_VAL_L
Device___Domain,Meter Operations,F1_BUS_OBJ_STATUS_L,F1_BUS_OBJ_STATUS_L
Device___Domain,Meter Operations,F1_BUS_OBJ_STATUS_L_1,F1_BUS_OBJ_STATUS_L
Device___Domain,Meter Operations,F1_BUS_OBJ_STATUS_L_2,F1_BUS_OBJ_STATUS_L
Device___Domain,Meter Operations,F1_BUS_OBJ_STATUS_L_3,F1_BUS_OBJ_STATUS_L
Device___Domain,Meter Operations,F1_BUS_OBJ_STATUS_L_4,F1_BUS_OBJ_STATUS_L
Device___Domain,Meter Operations,F1_BUS_OBJ_STATUS_L_5,F1_BUS_OBJ_STATUS_L
Device___Domain,Meter Operations,F1_BUS_OBJ_STATUS_L_6,F1_BUS_OBJ_STATUS_L
Device___Domain,Meter Operations,F1_BUS_OBJ_STATUS_RSN_L,F1_BUS_OBJ_STATUS_RSN_L
Device___Domain,Meter Operations,F1_BUS_OBJ_STATUS_RSN_L_1,F1_BUS_OBJ_STATUS_RSN_L
Device___Domain,Meter Operations,F1_BUS_OBJ_STATUS_RSN_L_2,F1_BUS_OBJ_STATUS_RSN_L
Device___Domain,Meter Operations,F1_BUS_OBJ_STATUS_RSN_L_3,F1_BUS_OBJ_STATUS_RSN_L
Device___Domain,Meter Operations,F1_BUS_OBJ_STATUS_RSN_L_4,F1_BUS_OBJ_STATUS_RSN_L
Device___Domain,Meter Operations,D1_COMMAND_SET_L,D1_COMMAND_SET_L
Device___Domain,Meter Operations,D1_COMMAND_SET_L_1,D1_COMMAND_SET_L
Device___Domain,Meter Operations,CI_ACC_GRP_L,CI_ACC_GRP_L
Device___Domain,Meter Operations,CI_ACC_GRP_L_1,CI_ACC_GRP_L
Device___Domain,Meter Operations,D1_DVC_CFG_TYPE_L,D1_DVC_CFG_TYPE_L
Device___Domain,Meter Operations,CI_TIME_ZONE_L,CI_TIME_ZONE_L
Device___Domain,Meter Operations,CI_TIME_ZONE_L_1,CI_TIME_ZONE_L
Device___Domain,Meter Operations,CI_ACCT_PER,CI_ACCT_PER
Device___Domain,Meter Operations,CI_PER_NAME,CI_PER_NAME
Device___Domain,Meter Operations,CMS_D1_DVC_CHAR_VW,CMS_D1_DVC_CHAR_VW
Device___Domain,Meter Operations,CMS_D1_DVC_IDENTIFIER_VW,CMS_D1_DVC_IDENTIFIER_VW
Device___Domain,Meter Operations,CMS_D1_DVC_IDENTIFIER_VW_1,CMS_D1_DVC_IDENTIFIER_VW
Device___Domain,Meter Operations,CI_CHAR_VAL_L,CI_CHAR_VAL_L
Device___Domain,Meter Operations,CI_PREM,CI_PREM
Device___Domain,Meter Operations,CI_SP,CI_SP
Device___Domain,Meter Operations,CI_PREM_TYPE_L,CI_PREM_TYPE_L
Device___Domain,Meter Operations,CI_MR_INSTR_L,CI_MR_INSTR_L
Device___Domain,Meter Operations,CI_MR_WARN_L,CI_MR_WARN_L
Device___Domain,Meter Operations,CI_TREND_AREA_L,CI_TREND_AREA_L
Device___Domain,Meter Operations,CI_STATE_L,CI_STATE_L
Device___Domain,Meter Operations,CMS_D1_DVC_BODA_VW,CMS_D1_DVC_BODA_VW
Device___Domain,Meter Operations,CMS_D1_DVC_BODA_VW_1,CMS_D1_DVC_BODA_VW
Device___Domain,Meter Operations,D1_DVC_EVT,D1_DVC_EVT
Device___Domain,Meter Operations,D1_DVC_EVT_TYPE_L,D1_DVC_EVT_TYPE_L
Device___Domain,Meter Operations,D1_SP_EQPMNT,D1_SP_EQPMNT
Device___Domain,Meter Operations,JoinTree_1,D1_DVC
Device___Domain,Meter Operations,JoinTree_2,D1_DVC
Measurement_Snapshot___Domain,Meter Operations,D1_MSRMT_RPT_CURR,D1_MSRMT_RPT_CURR
Usage_Scalar_Snapshot___Domain,Meter Operations,D1_USAGE_SCALAR_DTL_RPT_CURR,D1_USAGE_SCALAR_DTL_RPT_CURR
Usage_Transactions_Snapshot___Domain,Meter Operations,D1_USAGE_RPT_CURR,D1_USAGE_RPT_CURR
New_Services___Domain,New Services and Planning,CI_ACCT,CI_ACCT
New_Services___Domain,New Services and Planning,CI_ACCT_PER,CI_ACCT_PER
New_Services___Domain,New Services and Planning,CI_SA,CI_SA
New_Services___Domain,New Services and Planning,CI_SA_TYPE,CI_SA_TYPE
New_Services___Domain,New Services and Planning,CI_SA_TYPE_L,CI_SA_TYPE_L
New_Services___Domain,New Services and Planning,CI_LOOKUP_VAL_L,CI_LOOKUP_VAL_L
New_Services___Domain,New Services and Planning,CI_LOOKUP_VAL_L_1,CI_LOOKUP_VAL_L
New_Services___Domain,New Services and Planning,CI_LOOKUP_VAL_L_2,CI_LOOKUP_VAL_L
New_Services___Domain,New Services and Planning,CI_LOOKUP_VAL_L_3,CI_LOOKUP_VAL_L
New_Services___Domain,New Services and Planning,CI_LOOKUP_VAL_L_4,CI_LOOKUP_VAL_L
New_Services___Domain,New Services and Planning,CI_BILL_CYC_L,CI_BILL_CYC_L
New_Services___Domain,New Services and Planning,CI_CIS_DIVISION_L,CI_CIS_DIVISION_L
New_Services___Domain,New Services and Planning,CI_PREM,CI_PREM
New_Services___Domain,New Services and Planning,CI_COLL_CL_L,CI_COLL_CL_L
New_Services___Domain,New Services and Planning,CI_CUST_CL_L,CI_CUST_CL_L
New_Services___Domain,New Services and Planning,CI_BUD_PLAN_L,CI_BUD_PLAN_L
New_Services___Domain,New Services and Planning,SC_USER,SC_USER
New_Services___Domain,New Services and Planning,CI_NB_RULE_L,CI_NB_RULE_L
New_Services___Domain,New Services and Planning,CI_PROP_DCL_RSN_L,CI_PROP_DCL_RSN_L
New_Services___Domain,New Services and Planning,CI_SIC_L,CI_SIC_L
New_Services___Domain,New Services and Planning,CI_SS_OPT_L,CI_SS_OPT_L
New_Services___Domain,New Services and Planning,CI_PER_NAME,CI_PER_NAME
New_Services___Domain,New Services and Planning,CI_PREM_TYPE_L,CI_PREM_TYPE_L
New_Services___Domain,New Services and Planning,CI_MR_INSTR_L,CI_MR_INSTR_L
New_Services___Domain,New Services and Planning,CI_MR_WARN_L,CI_MR_WARN_L
New_Services___Domain,New Services and Planning,CI_TREND_AREA_L,CI_TREND_AREA_L
New_Services___Domain,New Services and Planning,CI_TIME_ZONE_L,CI_TIME_ZONE_L
New_Services___Domain,New Services and Planning,CI_STATE_L,CI_STATE_L
New_Services___Domain,New Services and Planning,CI_SVC_TYPE_L,CI_SVC_TYPE_L
New_Services___Domain,New Services and Planning,JoinTree_1,CI_SA
